date_from,avg_tempC
1880/11/1,9.5
1880/11/11,8.3
1880/11/21,6.7
1880/12/1,3.9
1880/12/11,3.2
1880/12/21,0.3
1881/1/1,1.4
1881/1/11,0.5
1881/1/21,-0.2
1881/2/1,1.3
1881/2/11,1.9
1881/2/21,4.8
1881/3/1,3.8
1881/3/11,4.4
1881/3/21,5.7
1881/11/1,14.7
1881/11/11,9.7
1881/11/21,7.0
1881/12/1,5.4
1881/12/11,3.9
1881/12/21,2.1
1882/1/1,4.6
1882/1/11,2.5
1882/1/21,5.7
1882/2/1,5.0
1882/2/11,5.5
1882/2/21,2.3
1882/3/1,3.2
1882/3/11,6.6
1882/3/21,6.7
1882/11/1,11.1
1882/11/11,10.1
1882/11/21,6.7
1882/12/1,5.1
1882/12/11,3.0
1882/12/21,0.8
1883/1/1,2.1
1883/1/11,1.1
1883/1/21,3.4
1883/2/1,1.3
1883/2/11,3.8
1883/2/21,4.6
1883/3/1,4.2
1883/3/11,5.6
1883/3/21,6.9
1883/11/1,12.0
1883/11/11,8.1
1883/11/21,7.0
1883/12/1,4.3
1883/12/11,3.7
1883/12/21,2.7
1884/1/1,1.7
1884/1/11,1.5
1884/1/21,2.4
1884/2/1,0.5
1884/2/11,1.2
1884/2/21,3.4
1884/3/1,5.2
1884/3/11,4.9
1884/3/21,6.5
1884/11/1,9.7
1884/11/11,6.8
1884/11/21,4.7
1884/12/1,3.4
1884/12/11,2.1
1884/12/21,2.2
1885/1/1,1.4
1885/1/11,0.6
1885/1/21,0.5
1885/2/1,1.2
1885/2/11,0.0
1885/2/21,2.9
1885/3/1,3.3
1885/3/11,2.8
1885/3/21,5.1
1885/11/1,12.7
1885/11/11,10.1
1885/11/21,6.6
1885/12/1,5.9
1885/12/11,4.7
1885/12/21,4.8
1886/1/1,1.8
1886/1/11,1.7
1886/1/21,0.9
1886/2/1,0.8
1886/2/11,0.5
1886/2/21,1.9
1886/3/1,6.0
1886/3/11,8.3
1886/3/21,6.9
1886/11/1,13.4
1886/11/11,10.2
1886/11/21,7.2
1886/12/1,4.3
1886/12/11,3.5
1886/12/21,3.7
1887/1/1,1.2
1887/1/11,3.4
1887/1/21,5.6
1887/2/1,1.6
1887/2/11,3.5
1887/2/21,3.9
1887/3/1,3.1
1887/3/11,5.5
1887/3/21,7.1
1887/11/1,12.0
1887/11/11,8.1
1887/11/21,9.0
1887/12/1,6.6
1887/12/11,4.2
1887/12/21,3.1
1888/1/1,3.3
1888/1/11,3.6
1888/1/21,1.8
1888/2/1,1.4
1888/2/11,1.4
1888/2/21,2.5
1888/3/1,5.4
1888/3/11,6.9
1888/3/21,9.9
1888/11/1,14.6
1888/11/11,11.6
1888/11/21,9.0
1888/12/1,6.4
1888/12/11,4.2
1888/12/21,5.4
1889/1/1,2.2
1889/1/11,3.4
1889/1/21,0.7
1889/2/1,1.4
1889/2/11,2.5
1889/2/21,4.1
1889/3/1,7.4
1889/3/11,5.2
1889/3/21,7.3
1889/11/1,9.7
1889/11/11,8.2
1889/11/21,9.4
1889/12/1,4.8
1889/12/11,5.5
1889/12/21,4.5
1890/1/1,3.1
1890/1/11,3.6
1890/1/21,3.1
1890/2/1,5.8
1890/2/11,8.6
1890/2/21,5.1
1890/3/1,6.3
1890/3/11,8.0
1890/3/21,11.2
1890/11/1,11.6
1890/11/11,11.1
1890/11/21,8.8
1890/12/1,14.0
1890/12/11,7.3
1890/12/21,6.0
1891/1/1,2.4
1891/1/11,1.1
1891/1/21,2.3
1891/2/1,3.5
1891/2/11,1.1
1891/2/21,7.5
1891/3/1,6.2
1891/3/11,7.3
1891/3/21,9.7
1891/11/1,12.6
1891/11/11,10.8
1891/11/21,6.9
1891/12/1,6.4
1891/12/11,3.6
1891/12/21,4.5
1892/1/1,3.3
1892/1/11,1.1
1892/1/21,2.6
1892/2/1,2.8
1892/2/11,2.8
1892/2/21,3.0
1892/3/1,5.9
1892/3/11,4.5
1892/3/21,4.0
1892/11/1,11.6
1892/11/11,9.1
1892/11/21,5.5
1892/12/1,3.9
1892/12/11,0.6
1892/12/21,1.7
1893/1/1,2.5
1893/1/11,1.2
1893/1/21,2.2
1893/2/1,1.6
1893/2/11,0.6
1893/2/21,0.0
1893/3/1,1.9
1893/3/11,5.2
1893/3/21,7.6
1893/11/1,11.3
1893/11/11,6.7
1893/11/21,6.3
1893/12/1,4.3
1893/12/11,2.0
1893/12/21,2.8
1894/1/1,2.4
1894/1/11,2.5
1894/1/21,1.0
1894/2/1,1.9
1894/2/11,2.3
1894/2/21,3.5
1894/3/1,6.4
1894/3/11,5.7
1894/3/21,10.1
1894/11/1,11.3
1894/11/11,8.3
1894/11/21,12.6
1894/12/1,5.9
1894/12/11,3.1
1894/12/21,3.5
1895/1/1,3.0
1895/1/11,0.9
1895/1/21,0.4
1895/2/1,1.4
1895/2/11,4.7
1895/2/21,0.5
1895/3/1,5.0
1895/3/11,5.7
1895/3/21,9.5
1895/11/1,10.5
1895/11/11,8.3
1895/11/21,7.6
1895/12/1,7.7
1895/12/11,2.2
1895/12/21,2.8
1896/1/1,3.5
1896/1/11,2.2
1896/1/21,1.9
1896/2/1,2.6
1896/2/11,1.1
1896/2/21,5.2
1896/3/1,1.3
1896/3/11,6.7
1896/3/21,5.8
1896/11/1,8.3
1896/11/11,8.9
1896/11/21,10.7
1896/12/1,3.4
1896/12/11,5.5
1896/12/21,3.1
1897/1/1,4.5
1897/1/11,4.3
1897/1/21,2.3
1897/2/1,2.5
1897/2/11,2.0
1897/2/21,4.4
1897/3/1,5.9
1897/3/11,5.2
1897/3/21,7.5
1897/11/1,13.0
1897/11/11,9.7
1897/11/21,7.2
1897/12/1,4.8
1897/12/11,2.5
1897/12/21,1.0
1898/1/1,3.5
1898/1/11,3.4
1898/1/21,2.9
1898/2/1,4.2
1898/2/11,4.1
1898/2/21,3.2
1898/3/1,3.1
1898/3/11,5.3
1898/3/21,7.6
1898/11/1,12.2
1898/11/11,13.2
1898/11/21,8.5
1898/12/1,7.9
1898/12/11,5.7
1898/12/21,3.0
1899/1/1,2.5
1899/1/11,2.6
1899/1/21,1.7
1899/2/1,2.1
1899/2/11,2.7
1899/2/21,8.2
1899/3/1,7.8
1899/3/11,5.1
1899/3/21,8.4
1899/11/1,8.7
1899/11/11,7.3
1899/11/21,4.9
1899/12/1,5.1
1899/12/11,5.2
1899/12/21,4.9
1900/1/1,1.5
1900/1/11,1.3
1900/1/21,1.8
1900/2/1,1.5
1900/2/11,3.1
1900/2/21,3.2
1900/3/1,4.2
1900/3/11,3.8
1900/3/21,7.5
1900/11/1,12.1
1900/11/11,9.1
1900/11/21,9.6
1900/12/1,4.8
1900/12/11,3.4
1900/12/21,4.6
1901/1/1,5.3
1901/1/11,3.8
1901/1/21,3.5
1901/2/1,0.9
1901/2/11,1.8
1901/2/21,2.3
1901/3/1,3.1
1901/3/11,3.7
1901/3/21,8.5
1901/11/1,11.4
1901/11/11,9.6
1901/11/21,5.5
1901/12/1,4.7
1901/12/11,3.0
1901/12/21,2.3
1902/1/1,1.2
1902/1/11,1.6
1902/1/21,2.4
1902/2/1,1.6
1902/2/11,1.5
1902/2/21,4.7
1902/3/1,5.0
1902/3/11,8.4
1902/3/21,9.8
1902/11/1,12.1
1902/11/11,10.5
1902/11/21,9.6
1902/12/1,7.4
1902/12/11,9.0
1902/12/21,3.8
1903/1/1,2.6
1903/1/11,3.7
1903/1/21,5.0
1903/2/1,2.7
1903/2/11,3.2
1903/2/21,4.9
1903/3/1,7.0
1903/3/11,10.0
1903/3/21,8.5
1903/11/1,10.6
1903/11/11,8.4
1903/11/21,5.9
1903/12/1,4.9
1903/12/11,3.7
1903/12/21,1.5
1904/1/1,2.0
1904/1/11,2.2
1904/1/21,0.6
1904/2/1,3.2
1904/2/11,3.4
1904/2/21,5.6
1904/3/1,7.4
1904/3/11,5.5
1904/3/21,6.0
1904/11/1,7.7
1904/11/11,8.2
1904/11/21,6.3
1904/12/1,6.6
1904/12/11,6.0
1904/12/21,2.7
1905/1/1,3.8
1905/1/11,4.1
1905/1/21,5.1
1905/2/1,1.0
1905/2/11,2.1
1905/2/21,4.4
1905/3/1,3.1
1905/3/11,5.5
1905/3/21,10.3
1905/11/1,10.3
1905/11/11,10.3
1905/11/21,8.5
1905/12/1,9.9
1905/12/11,5.0
1905/12/21,5.6
1906/1/1,2.8
1906/1/11,1.9
1906/1/21,0.3
1906/2/1,2.5
1906/2/11,2.3
1906/2/21,5.5
1906/3/1,3.1
1906/3/11,7.9
1906/3/21,8.5
1906/11/1,8.8
1906/11/11,11.3
1906/11/21,4.6
1906/12/1,4.4
1906/12/11,7.2
1906/12/21,2.2
1907/1/1,2.7
1907/1/11,2.9
1907/1/21,5.6
1907/2/1,0.9
1907/2/11,1.0
1907/2/21,1.9
1907/3/1,4.2
1907/3/11,5.1
1907/3/21,6.8
1907/11/1,12.4
1907/11/11,11.7
1907/11/21,8.1
1907/12/1,4.1
1907/12/11,3.3
1907/12/21,2.3
1908/1/1,1.9
1908/1/11,5.7
1908/1/21,2.2
1908/2/1,1.0
1908/2/11,1.7
1908/2/21,4.6
1908/3/1,4.9
1908/3/11,4.9
1908/3/21,8.6
1908/11/1,10.6
1908/11/11,6.5
1908/11/21,6.7
1908/12/1,4.5
1908/12/11,4.7
1908/12/21,4.6
1909/1/1,2.8
1909/1/11,2.6
1909/1/21,2.1
1909/2/1,1.8
1909/2/11,2.8
1909/2/21,1.2
1909/3/1,5.0
1909/3/11,5.5
1909/3/21,6.3
1909/11/1,11.9
1909/11/11,7.0
1909/11/21,8.6
1909/12/1,4.8
1909/12/11,2.5
1909/12/21,3.6
1910/1/1,6.2
1910/1/11,3.5
1910/1/21,3.6
1910/2/1,0.8
1910/2/11,1.9
1910/2/21,3.7
1910/3/1,0.8
1910/3/11,5.1
1910/3/21,8.0
1910/11/1,12.0
1910/11/11,8.9
1910/11/21,7.1
1910/12/1,4.4
1910/12/11,2.0
1910/12/21,2.6
1911/1/1,1.5
1911/1/11,2.3
1911/1/21,4.4
1911/2/1,3.2
1911/2/11,3.6
1911/2/21,4.3
1911/3/1,7.5
1911/3/11,7.1
1911/3/21,8.5
1911/11/1,10.1
1911/11/11,12.9
1911/11/21,10.3
1911/12/1,5.6
1911/12/11,4.4
1911/12/21,2.6
1912/1/1,2.3
1912/1/11,1.2
1912/1/21,3.3
1912/2/1,4.3
1912/2/11,4.6
1912/2/21,9.2
1912/3/1,7.6
1912/3/11,4.7
1912/3/21,8.5
1912/11/1,11.4
1912/11/11,7.5
1912/11/21,7.4
1912/12/1,4.5
1912/12/11,5.7
1912/12/21,3.2
1913/1/1,1.3
1913/1/11,1.5
1913/1/21,2.4
1913/2/1,3.2
1913/2/11,2.8
1913/2/21,4.3
1913/3/1,1.3
1913/3/11,5.3
1913/3/21,7.0
1913/11/1,9.5
1913/11/11,9.4
1913/11/21,8.6
1913/12/1,6.4
1913/12/11,5.0
1913/12/21,3.2
1914/1/1,2.7
1914/1/11,4.6
1914/1/21,3.3
1914/2/1,2.3
1914/2/11,5.0
1914/2/21,5.3
1914/3/1,9.2
1914/3/11,7.8
1914/3/21,9.8
1914/11/1,15.1
1914/11/11,13.7
1914/11/21,6.5
1914/12/1,7.6
1914/12/11,4.1
1914/12/21,3.9
1915/1/1,3.7
1915/1/11,1.9
1915/1/21,4.0
1915/2/1,4.1
1915/2/11,3.1
1915/2/21,5.8
1915/3/1,6.7
1915/3/11,4.1
1915/3/21,6.0
1915/11/1,13.9
1915/11/11,11.0
1915/11/21,9.9
1915/12/1,5.8
1915/12/11,4.1
1915/12/21,5.9
1916/1/1,6.1
1916/1/11,3.5
1916/1/21,4.9
1916/2/1,5.5
1916/2/11,2.2
1916/2/21,5.8
1916/3/1,3.7
1916/3/11,4.2
1916/3/21,6.7
1916/11/1,14.8
1916/11/11,11.8
1916/11/21,11.0
1916/12/1,9.7
1916/12/11,5.8
1916/12/21,3.5
1917/1/1,0.9
1917/1/11,2.4
1917/1/21,1.1
1917/2/1,1.0
1917/2/11,3.4
1917/2/21,4.1
1917/3/1,4.3
1917/3/11,7.6
1917/3/21,6.5
1917/11/1,9.4
1917/11/11,6.5
1917/11/21,6.2
1917/12/1,5.2
1917/12/11,3.6
1917/12/21,0.1
1918/1/1,0.7
1918/1/11,1.4
1918/1/21,0.9
1918/2/1,3.9
1918/2/11,1.3
1918/2/21,4.1
1918/3/1,5.2
1918/3/11,6.8
1918/3/21,7.4
1918/11/1,13.3
1918/11/11,7.4
1918/11/21,8.1
1918/12/1,5.7
1918/12/11,4.1
1918/12/21,3.4
1919/1/1,3.0
1919/1/11,4.1
1919/1/21,1.9
1919/2/1,0.5
1919/2/11,5.0
1919/2/21,7.0
1919/3/1,7.4
1919/3/11,6.8
1919/3/21,8.2
1919/11/1,13.9
1919/11/11,12.3
1919/11/21,7.7
1919/12/1,7.3
1919/12/11,3.4
1919/12/21,3.9
1920/1/1,3.3
1920/1/11,3.1
1920/1/21,3.5
1920/2/1,4.1
1920/2/11,2.7
1920/2/21,2.6
1920/3/1,4.5
1920/3/11,7.6
1920/3/21,9.3
1920/11/1,14.2
1920/11/11,11.1
1920/11/21,8.3
1920/12/1,7.4
1920/12/11,6.6
1920/12/21,3.0
1921/1/1,4.0
1921/1/11,3.5
1921/1/21,3.4
1921/2/1,2.8
1921/2/11,2.5
1921/2/21,4.5
1921/3/1,4.3
1921/3/11,5.8
1921/3/21,5.9
1921/11/1,8.9
1921/11/11,8.7
1921/11/21,5.5
1921/12/1,5.1
1921/12/11,7.0
1921/12/21,2.8
1922/1/1,2.1
1922/1/11,1.1
1922/1/21,0.8
1922/2/1,4.9
1922/2/11,6.7
1922/2/21,8.5
1922/3/1,4.5
1922/3/11,7.6
1922/3/21,5.5
1922/11/1,13.9
1922/11/11,9.7
1922/11/21,7.6
1922/12/1,4.7
1922/12/11,2.8
1922/12/21,3.6
1923/1/1,0.2
1923/1/11,1.4
1923/1/21,2.7
1923/2/1,1.9
1923/2/11,6.5
1923/2/21,2.4
1923/3/1,4.9
1923/3/11,8.5
1923/3/21,10.6
1923/11/1,13.5
1923/11/11,10.2
1923/11/21,8.6
1923/12/1,7.4
1923/12/11,5.6
1923/12/21,4.7
1924/1/1,3.3
1924/1/11,4.1
1924/1/21,1.0
1924/2/1,4.9
1924/2/11,3.6
1924/2/21,2.5
1924/3/1,3.3
1924/3/11,2.6
1924/3/21,6.0
1924/11/1,10.0
1924/11/11,7.4
1924/11/21,7.2
1924/12/1,5.4
1924/12/11,3.5
1924/12/21,4.1
1925/1/1,3.3
1925/1/11,2.1
1925/1/21,1.9
1925/2/1,2.3
1925/2/11,2.9
1925/2/21,1.1
1925/3/1,3.8
1925/3/11,4.5
1925/3/21,7.4
1925/11/1,11.8
1925/11/11,12.1
1925/11/21,8.7
1925/12/1,6.8
1925/12/11,4.9
1925/12/21,5.1
1926/1/1,1.8
1926/1/11,4.0
1926/1/21,0.9
1926/2/1,4.3
1926/2/11,3.3
1926/2/21,4.0
1926/3/1,5.5
1926/3/11,5.5
1926/3/21,5.2
1926/11/1,9.7
1926/11/11,9.5
1926/11/21,7.2
1926/12/1,6.1
1926/12/11,4.2
1926/12/21,1.0
1927/1/1,5.3
1927/1/11,3.8
1927/1/21,-0.6
1927/2/1,0.7
1927/2/11,3.2
1927/2/21,2.2
1927/3/1,3.7
1927/3/11,5.5
1927/3/21,8.9
1927/11/1,11.9
1927/11/11,10.8
1927/11/21,10.2
1927/12/1,8.0
1927/12/11,5.8
1927/12/21,3.8
1928/1/1,2.2
1928/1/11,3.8
1928/1/21,4.6
1928/2/1,2.2
1928/2/11,2.7
1928/2/21,4.0
1928/3/1,5.5
1928/3/11,5.8
1928/3/21,7.8
1928/11/1,13.3
1928/11/11,11.1
1928/11/21,8.8
1928/12/1,6.9
1928/12/11,4.5
1928/12/21,3.2
1929/1/1,0.8
1929/1/11,3.4
1929/1/21,1.0
1929/2/1,1.6
1929/2/11,1.4
1929/2/21,4.0
1929/3/1,3.2
1929/3/11,4.0
1929/3/21,10.1
1929/11/1,12.5
1929/11/11,10.0
1929/11/21,8.3
1929/12/1,7.6
1929/12/11,12.6
1929/12/21,5.4
1930/1/1,2.0
1930/1/11,2.8
1930/1/21,3.4
1930/2/1,3.9
1930/2/11,2.9
1930/2/21,8.5
1930/3/1,6.5
1930/3/11,7.4
1930/3/21,10.9
1930/11/1,11.5
1930/11/11,7.9
1930/11/21,7.5
1930/12/1,6.3
1930/12/11,5.8
1930/12/21,4.0
1931/1/1,5.3
1931/1/11,1.5
1931/1/21,3.3
1931/2/1,4.6
1931/2/11,2.5
1931/2/21,3.1
1931/3/1,4.7
1931/3/11,7.0
1931/3/21,8.4
1931/11/1,12.9
1931/11/11,12.5
1931/11/21,9.0
1931/12/1,7.3
1931/12/11,4.6
1931/12/21,5.3
1932/1/1,4.3
1932/1/11,3.8
1932/1/21,5.5
1932/2/1,3.8
1932/2/11,3.5
1932/2/21,1.7
1932/3/1,5.3
1932/3/11,5.7
1932/3/21,6.3
1932/11/1,12.2
1932/11/11,9.2
1932/11/21,9.0
1932/12/1,7.3
1932/12/11,4.7
1932/12/21,5.3
1933/1/1,4.0
1933/1/11,3.3
1933/1/21,1.2
1933/2/1,2.6
1933/2/11,2.6
1933/2/21,3.0
1933/3/1,2.7
1933/3/11,5.0
1933/3/21,7.6
1933/11/1,11.4
1933/11/11,11.3
1933/11/21,9.3
1933/12/1,7.8
1933/12/11,4.6
1933/12/21,4.3
1934/1/1,1.6
1934/1/11,1.0
1934/1/21,0.6
1934/2/1,2.9
1934/2/11,2.3
1934/2/21,2.2
1934/3/1,1.9
1934/3/11,7.0
1934/3/21,7.5
1934/11/1,11.1
1934/11/11,8.7
1934/11/21,7.8
1934/12/1,5.5
1934/12/11,6.2
1934/12/21,5.8
1935/1/1,4.2
1935/1/11,3.9
1935/1/21,1.7
1935/2/1,2.8
1935/2/11,4.2
1935/2/21,6.7
1935/3/1,6.0
1935/3/11,8.0
1935/3/21,6.6
1935/11/1,12.3
1935/11/11,9.6
1935/11/21,10.4
1935/12/1,7.9
1935/12/11,2.7
1935/12/21,4.8
1936/1/1,2.1
1936/1/11,-0.1
1936/1/21,0.6
1936/2/1,0.3
1936/2/11,2.5
1936/2/21,1.6
1936/3/1,0.4
1936/3/11,5.8
1936/3/21,7.0
1936/11/1,11.5
1936/11/11,10.2
1936/11/21,9.0
1936/12/1,6.0
1936/12/11,10.3
1936/12/21,4.7
1937/1/1,5.5
1937/1/11,3.4
1937/1/21,3.1
1937/2/1,5.6
1937/2/11,5.1
1937/2/21,7.9
1937/3/1,8.4
1937/3/11,6.2
1937/3/21,7.3
1937/11/1,15.4
1937/11/11,10.6
1937/11/21,7.6
1937/12/1,4.3
1937/12/11,5.7
1937/12/21,3.4
1938/1/1,0.8
1938/1/11,3.3
1938/1/21,2.6
1938/2/1,1.3
1938/2/11,3.5
1938/2/21,2.4
1938/3/1,9.2
1938/3/11,6.2
1938/3/21,11.5
1938/11/1,12.1
1938/11/11,7.7
1938/11/21,7.4
1938/12/1,5.7
1938/12/11,6.5
1938/12/21,3.3
1939/1/1,1.4
1939/1/11,2.0
1939/1/21,2.6
1939/2/1,1.4
1939/2/11,4.6
1939/2/21,4.4
1939/3/1,7.7
1939/3/11,5.2
1939/3/21,7.6
1939/11/1,15.3
1939/11/11,10.9
1939/11/21,9.9
1939/12/1,5.4
1939/12/11,3.9
1939/12/21,5.0
1940/1/1,4.7
1940/1/11,2.6
1940/1/21,-0.1
1940/2/1,1.0
1940/2/11,4.5
1940/2/21,2.4
1940/3/1,7.3
1940/3/11,5.3
1940/3/21,6.2
1940/11/1,14.5
1940/11/11,11.3
1940/11/21,11.2
1940/12/1,8.6
1940/12/11,6.3
1940/12/21,5.1
1941/1/1,6.7
1941/1/11,3.5
1941/1/21,3.8
1941/2/1,2.1
1941/2/11,4.7
1941/2/21,5.8
1941/3/1,5.2
1941/3/11,9.9
1941/3/21,7.9
1941/11/1,12.8
1941/11/11,12.6
1941/11/21,11.1
1941/12/1,7.6
1941/12/11,5.4
1941/12/21,6.8
1942/1/1,3.5
1942/1/11,1.5
1942/1/21,4.0
1942/2/1,4.2
1942/2/11,1.3
1942/2/21,4.1
1942/3/1,7.5
1942/3/11,10.6
1942/3/21,11.4
1942/11/1,11.0
1942/11/11,8.9
1942/11/21,7.2
1942/12/1,5.1
1942/12/11,4.7
1942/12/21,3.6
1943/1/1,1.4
1943/1/11,1.6
1943/1/21,2.3
1943/2/1,2.7
1943/2/11,2.6
1943/2/21,2.7
1943/3/1,3.4
1943/3/11,6.9
1943/3/21,7.7
1943/11/1,13.0
1943/11/11,10.3
1943/11/21,7.0
1943/12/1,5.4
1943/12/11,5.5
1943/12/21,5.0
1944/1/1,2.1
1944/1/11,3.0
1944/1/21,3.7
1944/2/1,2.3
1944/2/11,2.4
1944/2/21,2.8
1944/3/1,4.7
1944/3/11,6.4
1944/3/21,6.0
1944/11/1,12.8
1944/11/11,9.1
1944/11/21,10.8
1944/12/1,5.7
1944/12/11,3.6
1944/12/21,3.0
1945/1/1,2.0
1945/1/11,0.8
1945/1/21,0.1
1945/2/1,0.1
1945/2/11,1.4
1945/2/21,2.4
1945/3/1,5.6
1945/3/11,3.5
1945/3/21,10.3
1945/11/1,11.0
1945/11/11,9.9
1945/11/21,9.8
1945/12/1,5.8
1945/12/11,3.7
1945/12/21,3.2
1946/1/1,2.6
1946/1/11,2.0
1946/1/21,5.5
1946/2/1,2.3
1946/2/11,4.1
1946/2/21,4.0
1946/3/1,4.6
1946/3/11,4.7
1946/3/21,8.6
1946/11/1,16.1
1946/11/11,10.5
1946/11/21,12.1
1946/12/1,6.1
1946/12/11,4.2
1946/12/21,4.2
1947/1/1,4.1
1947/1/11,6.1
1947/1/21,1.6
1947/2/1,0.7
1947/2/11,0.4
1947/2/21,3.7
1947/3/1,4.7
1947/3/11,5.2
1947/3/21,6.3
1947/11/1,11.2
1947/11/11,7.8
1947/11/21,7.2
1947/12/1,6.8
1947/12/11,2.3
1947/12/21,2.6
1948/1/1,2.3
1948/1/11,3.8
1948/1/21,4.2
1948/2/1,2.1
1948/2/11,5.0
1948/2/21,5.2
1948/3/1,3.5
1948/3/11,9.1
1948/3/21,6.5
1948/11/1,12.9
1948/11/11,11.8
1948/11/21,9.3
1948/12/1,7.4
1948/12/11,8.2
1948/12/21,10.0
1949/1/1,4.4
1949/1/11,3.6
1949/1/21,5.6
1949/2/1,5.8
1949/2/11,4.8
1949/2/21,7.2
1949/3/1,4.3
1949/3/11,6.4
1949/3/21,5.8
1949/11/1,10.9
1949/11/11,9.3
1949/11/21,11.2
1949/12/1,8.1
1949/12/11,7.1
1949/12/21,4.2
1950/1/1,4.6
1950/1/11,5.3
1950/1/21,5.7
1950/2/1,5.8
1950/2/11,3.7
1950/2/21,3.4
1950/3/1,6.9
1950/3/11,4.8
1950/3/21,8.5
1950/11/1,14.2
1950/11/11,10.0
1950/11/21,9.4
1950/12/1,5.8
1950/12/11,5.8
1950/12/21,3.6
1951/1/1,4.0
1951/1/11,3.8
1951/1/21,2.8
1951/2/1,2.9
1951/2/11,2.8
1951/2/21,9.6
1951/3/1,5.6
1951/3/11,8.4
1951/3/21,8.1
1951/11/1,12.5
1951/11/11,11.7
1951/11/21,8.1
1951/12/1,7.0
1951/12/11,6.4
1951/12/21,8.1
1952/1/1,4.9
1952/1/11,3.3
1952/1/21,4.0
1952/2/1,1.9
1952/2/11,3.7
1952/2/21,4.3
1952/3/1,5.7
1952/3/11,7.3
1952/3/21,7.4
1952/11/1,13.7
1952/11/11,11.5
1952/11/21,12.7
1952/12/1,6.4
1952/12/11,7.4
1952/12/21,4.1
1953/1/1,2.7
1953/1/11,3.0
1953/1/21,3.0
1953/2/1,2.4
1953/2/11,4.5
1953/2/21,5.1
1953/3/1,8.4
1953/3/11,9.0
1953/3/21,8.3
1953/11/1,13.8
1953/11/11,8.7
1953/11/21,8.2
1953/12/1,8.0
1953/12/11,7.4
1953/12/21,6.0
1954/1/1,5.8
1954/1/11,6.9
1954/1/21,2.8
1954/2/1,2.9
1954/2/11,5.9
1954/2/21,7.7
1954/3/1,6.3
1954/3/11,6.6
1954/3/21,9.6
1954/11/1,12.4
1954/11/11,11.2
1954/11/21,12.8
1954/12/1,10.0
1954/12/11,5.5
1954/12/21,4.6
1955/1/1,2.5
1955/1/11,2.3
1955/1/21,4.6
1955/2/1,5.6
1955/2/11,4.1
1955/2/21,7.6
1955/3/1,7.1
1955/3/11,9.9
1955/3/21,9.9
1955/11/1,9.9
1955/11/11,9.4
1955/11/21,9.7
1955/12/1,6.8
1955/12/11,7.2
1955/12/21,6.4
1956/1/1,4.1
1956/1/11,3.5
1956/1/21,3.4
1956/2/1,3.6
1956/2/11,3.0
1956/2/21,3.5
1956/3/1,4.6
1956/3/11,8.9
1956/3/21,11.1
1956/11/1,13.5
1956/11/11,9.4
1956/11/21,7.9
1956/12/1,5.6
1956/12/11,4.5
1956/12/21,3.0
1957/1/1,4.5
1957/1/11,4.0
1957/1/21,4.5
1957/2/1,5.4
1957/2/11,2.4
1957/2/21,2.8
1957/3/1,4.9
1957/3/11,4.8
1957/3/21,5.8
1957/11/1,12.9
1957/11/11,12.4
1957/11/21,11.0
1957/12/1,8.1
1957/12/11,7.8
1957/12/21,5.1
1958/1/1,4.1
1958/1/11,4.9
1958/1/21,3.0
1958/2/1,5.4
1958/2/11,3.8
1958/2/21,6.9
1958/3/1,3.7
1958/3/11,9.8
1958/3/21,9.0
1958/11/1,13.1
1958/11/11,11.4
1958/11/21,7.8
1958/12/1,7.5
1958/12/11,6.8
1958/12/21,7.0
1959/1/1,2.9
1959/1/11,1.5
1959/1/21,5.5
1959/2/1,7.1
1959/2/11,8.7
1959/2/21,6.4
1959/3/1,9.4
1959/3/11,6.5
1959/3/21,10.8
1959/11/1,16.2
1959/11/11,10.9
1959/11/21,9.0
1959/12/1,8.8
1959/12/11,7.3
1959/12/21,4.4
1960/1/1,5.7
1960/1/11,4.2
1960/1/21,2.0
1960/2/1,5.8
1960/2/11,3.8
1960/2/21,6.8
1960/3/1,9.1
1960/3/11,7.5
1960/3/21,10.0
1960/11/1,13.5
1960/11/11,11.3
1960/11/21,10.9
1960/12/1,6.9
1960/12/11,6.9
1960/12/21,3.8
1961/1/1,2.9
1961/1/11,1.7
1961/1/21,3.1
1961/2/1,3.4
1961/2/11,2.8
1961/2/21,3.9
1961/3/1,7.1
1961/3/11,8.6
1961/3/21,8.4
1961/11/1,13.5
1961/11/11,11.9
1961/11/21,11.5
1961/12/1,8.1
1961/12/11,7.8
1961/12/21,4.1
1962/1/1,4.3
1962/1/11,3.6
1962/1/21,1.8
1962/2/1,4.5
1962/2/11,4.5
1962/2/21,5.6
1962/3/1,6.1
1962/3/11,8.6
1962/3/21,7.3
1962/11/1,13.3
1962/11/11,13.0
1962/11/21,6.7
1962/12/1,6.6
1962/12/11,6.5
1962/12/21,6.8
1963/1/1,2.2
1963/1/11,1.2
1963/1/21,-0.1
1963/2/1,1.7
1963/2/11,2.3
1963/2/21,3.2
1963/3/1,3.9
1963/3/11,7.4
1963/3/21,9.6
1963/11/1,13.0
1963/11/11,11.1
1963/11/21,9.4
1963/12/1,7.7
1963/12/11,6.3
1963/12/21,6.2
1964/1/1,5.0
1964/1/11,6.5
1964/1/21,5.0
1964/2/1,4.0
1964/2/11,2.9
1964/2/21,2.8
1964/3/1,6.2
1964/3/11,5.9
1964/3/21,7.6
1964/11/1,13.0
1964/11/11,9.2
1964/11/21,8.6
1964/12/1,5.6
1964/12/11,4.8
1964/12/21,8.1
1965/1/1,3.6
1965/1/11,2.7
1965/1/21,3.8
1965/2/1,3.4
1965/2/11,4.8
1965/2/21,3.2
1965/3/1,3.0
1965/3/11,6.2
1965/3/21,7.1
1965/11/1,15.5
1965/11/11,10.3
1965/11/21,9.6
1965/12/1,6.8
1965/12/11,5.4
1965/12/21,5.4
1966/1/1,3.9
1966/1/11,4.1
1966/1/21,2.2
1966/2/1,4.5
1966/2/11,5.3
1966/2/21,7.8
1966/3/1,9.2
1966/3/11,9.2
1966/3/21,7.2
1966/11/1,13.8
1966/11/11,11.3
1966/11/21,7.0
1966/12/1,4.9
1966/12/11,4.9
1966/12/21,4.3
1967/1/1,2.8
1967/1/11,1.9
1967/1/21,4.8
1967/2/1,4.5
1967/2/11,2.0
1967/2/21,6.4
1967/3/1,5.9
1967/3/11,7.3
1967/3/21,9.8
1967/11/1,15.0
1967/11/11,10.8
1967/11/21,10.1
1967/12/1,5.7
1967/12/11,5.3
1967/12/21,2.9
1968/1/1,3.6
1968/1/11,3.5
1968/1/21,3.0
1968/2/1,1.6
1968/2/11,2.4
1968/2/21,2.9
1968/3/1,5.6
1968/3/11,7.2
1968/3/21,11.0
1968/11/1,14.1
1968/11/11,9.2
1968/11/21,11.5
1968/12/1,12.5
1968/12/11,8.8
1968/12/21,6.1
1969/1/1,2.4
1969/1/11,4.0
1969/1/21,7.7
1969/2/1,4.0
1969/2/11,7.6
1969/2/21,2.8
1969/3/1,4.2
1969/3/11,5.4
1969/3/21,10.7
1969/11/1,12.7
1969/11/11,12.4
1969/11/21,7.9
1969/12/1,8.0
1969/12/11,4.8
1969/12/21,4.4
1970/1/1,4.1
1970/1/11,2.3
1970/1/21,4.2
1970/2/1,2.7
1970/2/11,6.5
1970/2/21,6.2
1970/3/1,3.8
1970/3/11,4.0
1970/3/21,7.0
1970/11/1,12.4
1970/11/11,11.6
1970/11/21,9.7
1970/12/1,6.0
1970/12/11,7.1
1970/12/21,5.5
1971/1/1,3.7
1971/1/11,5.8
1971/1/21,3.6
1971/2/1,2.0
1971/2/11,6.0
1971/2/21,7.8
1971/3/1,4.3
1971/3/11,6.3
1971/3/21,11.1
1971/11/1,12.9
1971/11/11,12.4
1971/11/21,10.2
1971/12/1,7.4
1971/12/11,7.7
1971/12/21,7.1
1972/1/1,6.3
1972/1/11,7.3
1972/1/21,7.5
1972/2/1,6.3
1972/2/11,6.8
1972/2/21,4.2
1972/3/1,5.3
1972/3/11,9.3
1972/3/21,11.6
1972/11/1,14.3
1972/11/11,13.7
1972/11/21,7.8
1972/12/1,8.5
1972/12/11,6.1
1972/12/21,8.3
1973/1/1,6.1
1973/1/11,5.7
1973/1/21,6.7
1973/2/1,5.7
1973/2/11,8.6
1973/2/21,6.5
1973/3/1,5.3
1973/3/11,7.0
1973/3/21,10.7
1973/11/1,13.9
1973/11/11,9.4
1973/11/21,7.0
1973/12/1,4.8
1973/12/11,4.7
1973/12/21,3.3
1974/1/1,4.4
1974/1/11,3.0
1974/1/21,2.2
1974/2/1,2.9
1974/2/11,5.3
1974/2/21,4.4
1974/3/1,8.9
1974/3/11,4.9
1974/3/21,7.2
1974/11/1,13.1
1974/11/11,9.1
1974/11/21,9.0
1974/12/1,7.7
1974/12/11,6.5
1974/12/21,5.8
1975/1/1,4.8
1975/1/11,2.6
1975/1/21,4.5
1975/2/1,5.9
1975/2/11,2.7
1975/2/21,2.4
1975/3/1,6.4
1975/3/11,8.0
1975/3/21,7.8
1975/11/1,13.2
1975/11/11,14.5
1975/11/21,9.1
1975/12/1,9.7
1975/12/11,4.8
1975/12/21,4.7
1976/1/1,5.4
1976/1/11,3.2
1976/1/21,2.7
1976/2/1,5.0
1976/2/11,7.5
1976/2/21,7.7
1976/3/1,7.0
1976/3/11,9.2
1976/3/21,7.5
1976/11/1,13.9
1976/11/11,10.2
1976/11/21,6.7
1976/12/1,7.4
1976/12/11,6.8
1976/12/21,4.0
1977/1/1,2.3
1977/1/11,2.7
1977/1/21,2.6
1977/2/1,1.0
1977/2/11,1.9
1977/2/21,6.7
1977/3/1,6.1
1977/3/11,10.0
1977/3/21,9.9
1977/11/1,17.0
1977/11/11,13.9
1977/11/21,9.4
1977/12/1,8.2
1977/12/11,9.5
1977/12/21,6.6
1978/1/1,5.5
1978/1/11,5.4
1978/1/21,3.4
1978/2/1,3.8
1978/2/11,2.6
1978/2/21,4.1
1978/3/1,7.6
1978/3/11,6.0
1978/3/21,9.1
1978/11/1,12.9
1978/11/11,12.6
1978/11/21,9.7
1978/12/1,8.6
1978/12/11,8.6
1978/12/21,5.4
1979/1/1,6.7
1979/1/11,3.9
1979/1/21,6.4
1979/2/1,5.4
1979/2/11,7.7
1979/2/21,9.7
1979/3/1,5.8
1979/3/11,7.0
1979/3/21,10.8
1979/11/1,16.7
1979/11/11,10.0
1979/11/21,10.9
1979/12/1,9.6
1979/12/11,7.4
1979/12/21,6.1
1980/1/1,5.2
1980/1/11,2.8
1980/1/21,4.7
1980/2/1,2.1
1980/2/11,3.2
1980/2/21,5.3
1980/3/1,7.1
1980/3/11,6.0
1980/3/21,8.7
1980/11/1,11.8
1980/11/11,12.1
1980/11/21,12.7
1980/12/1,7.8
1980/12/11,5.0
1980/12/21,2.8
1981/1/1,2.8
1981/1/11,1.8
1981/1/21,2.5
1981/2/1,3.3
1981/2/11,6.2
1981/2/21,1.8
1981/3/1,5.1
1981/3/11,9.7
1981/3/21,10.0
1981/11/1,11.3
1981/11/11,9.5
1981/11/21,8.0
1981/12/1,5.5
1981/12/11,5.1
1981/12/21,6.9
1982/1/1,5.0
1982/1/11,3.5
1982/1/21,2.9
1982/2/1,2.6
1982/2/11,5.1
1982/2/21,5.4
1982/3/1,6.2
1982/3/11,10.6
1982/3/21,9.1
1982/11/1,15.7
1982/11/11,14.0
1982/11/21,10.6
1982/12/1,8.1
1982/12/11,6.1
1982/12/21,6.8
1983/1/1,5.9
1983/1/11,4.2
1983/1/21,4.2
1983/2/1,5.5
1983/2/11,3.6
1983/2/21,4.4
1983/3/1,5.7
1983/3/11,7.2
1983/3/21,10.4
1983/11/1,13.4
1983/11/11,10.9
1983/11/21,8.5
1983/12/1,7.4
1983/12/11,5.4
1983/12/21,2.8
1984/1/1,2.9
1984/1/11,2.5
1984/1/21,1.3
1984/2/1,0.5
1984/2/11,2.3
1984/2/21,4.4
1984/3/1,2.9
1984/3/11,5.1
1984/3/21,7.1
1984/11/1,13.9
1984/11/11,13.8
1984/11/21,8.9
1984/12/1,8.2
1984/12/11,8.8
1984/12/21,3.1
1985/1/1,3.6
1985/1/11,3.1
1985/1/21,2.7
1985/2/1,7.2
1985/2/11,5.3
1985/2/21,3.7
1985/3/1,7.6
1985/3/11,7.9
1985/3/21,9.9
1985/11/1,15.3
1985/11/11,9.3
1985/11/21,9.4
1985/12/1,7.2
1985/12/11,3.0
1985/12/21,6.1
1986/1/1,1.7
1986/1/11,3.7
1986/1/21,3.0
1986/2/1,1.9
1986/2/11,3.3
1986/2/21,2.5
1986/3/1,6.0
1986/3/11,8.3
1986/3/21,8.4
1986/11/1,12.6
1986/11/11,10.8
1986/11/21,9.5
1986/12/1,8.3
1986/12/11,8.7
1986/12/21,6.0
1987/1/1,6.2
1987/1/11,3.6
1987/1/21,4.5
1987/2/1,4.7
1987/2/11,6.9
1987/2/21,4.1
1987/3/1,5.3
1987/3/11,8.6
1987/3/21,10.5
1987/11/1,13.3
1987/11/11,12.6
1987/11/21,10.4
1987/12/1,5.2
1987/12/11,7.2
1987/12/21,8.3
1988/1/1,6.2
1988/1/11,5.9
1988/1/21,5.7
1988/2/1,3.5
1988/2/11,3.2
1988/2/21,5.3
1988/3/1,4.8
1988/3/11,8.4
1988/3/21,8.6
1988/11/1,11.1
1988/11/11,10.2
1988/11/21,7.4
1988/12/1,6.8
1988/12/11,5.3
1988/12/21,5.5
1989/1/1,7.7
1989/1/11,7.3
1989/1/21,5.5
1989/2/1,5.5
1989/2/11,6.6
1989/2/21,7.8
1989/3/1,7.7
1989/3/11,8.0
1989/3/21,8.9
1989/11/1,17.0
1989/11/11,12.0
1989/11/21,8.7
1989/12/1,8.1
1989/12/11,6.6
1989/12/21,6.3
1990/1/1,5.1
1990/1/11,5.7
1990/1/21,2.5
1990/2/1,5.3
1990/2/11,8.8
1990/2/21,9.9
1990/3/1,7.4
1990/3/11,9.3
1990/3/21,11.2
1990/11/1,15.4
1990/11/11,13.7
1990/11/21,12.0
1990/12/1,9.9
1990/12/11,7.3
1990/12/21,6.1
1991/1/1,5.7
1991/1/11,4.7
1991/1/21,4.8
1991/2/1,4.3
1991/2/11,5.7
1991/2/21,2.7
1991/3/1,8.3
1991/3/11,8.0
1991/3/21,11.7
1991/11/1,13.5
1991/11/11,10.5
1991/11/21,11.4
1991/12/1,10.6
1991/12/11,7.5
1991/12/21,7.3
1992/1/1,7.1
1992/1/11,4.6
1992/1/21,6.5
1992/2/1,4.5
1992/2/11,5.0
1992/2/21,5.7
1992/3/1,8.4
1992/3/11,10.5
1992/3/21,10.2
1992/11/1,14.2
1992/11/11,12.3
1992/11/21,9.1
1992/12/1,11.4
1992/12/11,6.1
1992/12/21,7.0
1993/1/1,6.6
1993/1/11,6.2
1993/1/21,4.7
1993/2/1,5.4
1993/2/11,6.8
1993/2/21,6.0
1993/3/1,6.5
1993/3/11,5.7
1993/3/21,10.3
1993/11/1,14.4
1993/11/11,16.4
1993/11/21,9.5
1993/12/1,9.0
1993/12/11,6.3
1993/12/21,6.2
1994/1/1,5.7
1994/1/11,5.5
1994/1/21,3.2
1994/2/1,5.0
1994/2/11,4.3
1994/2/21,4.6
1994/3/1,6.6
1994/3/11,6.5
1994/3/21,8.1
1994/11/1,15.1
1994/11/11,14.8
1994/11/21,9.5
1994/12/1,9.7
1994/12/11,6.4
1994/12/21,7.1
1995/1/1,5.5
1995/1/11,3.4
1995/1/21,4.8
1995/2/1,3.9
1995/2/11,5.4
1995/2/21,5.3
1995/3/1,6.2
1995/3/11,8.6
1995/3/21,10.8
1995/11/1,11.8
1995/11/11,10.9
1995/11/21,8.1
1995/12/1,6.0
1995/12/11,6.6
1995/12/21,3.6
1996/1/1,4.6
1996/1/11,6.4
1996/1/21,3.2
1996/2/1,1.8
1996/2/11,5.3
1996/2/21,4.3
1996/3/1,4.7
1996/3/11,7.3
1996/3/21,10.7
1996/11/1,16.6
1996/11/11,10.4
1996/11/21,10.0
1996/12/1,5.9
1996/12/11,8.9
1996/12/21,6.5
1997/1/1,5.1
1997/1/11,5.7
1997/1/21,3.2
1997/2/1,4.4
1997/2/11,4.0
1997/2/21,5.8
1997/3/1,8.7
1997/3/11,9.6
1997/3/21,9.7
1997/11/1,11.6
1997/11/11,13.8
1997/11/21,13.9
1997/12/1,8.6
1997/12/11,7.5
1997/12/21,7.7
1998/1/1,5.3
1998/1/11,5.9
1998/1/21,3.6
1998/2/1,3.9
1998/2/11,8.5
1998/2/21,9.1
1998/3/1,8.0
1998/3/11,9.0
1998/3/21,11.7
1998/11/1,15.8
1998/11/11,12.0
1998/11/21,9.7
1998/12/1,9.7
1998/12/11,8.2
1998/12/21,7.2
1999/1/1,4.6
1999/1/11,5.2
1999/1/21,5.4
1999/2/1,3.8
1999/2/11,4.4
1999/2/21,6.1
1999/3/1,9.2
1999/3/11,11.4
1999/3/21,9.2
1999/11/1,14.3
1999/11/11,12.9
1999/11/21,10.8
1999/12/1,8.9
1999/12/11,6.8
1999/12/21,5.3
2000/1/1,7.9
2000/1/11,7.0
2000/1/21,3.3
2000/2/1,4.0
2000/2/11,4.0
2000/2/21,2.7
2000/3/1,6.5
2000/3/11,6.8
2000/3/21,9.0
2000/11/1,16.4
2000/11/11,13.1
2000/11/21,10.4
2000/12/1,8.4
2000/12/11,7.7
2000/12/21,5.6
2001/1/1,4.9
2001/1/11,2.1
2001/1/21,4.6
2001/2/1,4.6
2001/2/11,4.4
2001/2/21,7.3
2001/3/1,5.8
2001/3/11,8.3
2001/3/21,11.3
2001/11/1,13.5
2001/11/11,10.7
2001/11/21,10.1
2001/12/1,8.6
2001/12/11,6.1
2001/12/21,5.1
2002/1/1,4.2
2002/1/11,8.2
2002/1/21,5.0
2002/2/1,5.7
2002/2/11,4.2
2002/2/21,8.9
2002/3/1,7.8
2002/3/11,11.8
2002/3/21,11.2
2002/11/1,9.7
2002/11/11,9.8
2002/11/21,9.1
2002/12/1,9.3
2002/12/11,6.1
2002/12/21,5.6
2003/1/1,3.2
2003/1/11,4.6
2003/1/21,3.8
2003/2/1,5.1
2003/2/11,5.6
2003/2/21,5.8
2003/3/1,5.5
2003/3/11,6.1
2003/3/21,10.2
2003/11/1,17.1
2003/11/11,13.4
2003/11/21,12.8
2003/12/1,9.9
2003/12/11,6.0
2003/12/21,5.9
2004/1/1,5.7
2004/1/11,4.3
2004/1/21,3.1
2004/2/1,4.4
2004/2/11,6.5
2004/2/21,8.7
2004/3/1,5.7
2004/3/11,10.5
2004/3/21,10.9
2004/11/1,15.8
2004/11/11,13.4
2004/11/21,11.4
2004/12/1,10.8
2004/12/11,9.5
2004/12/21,5.9
2005/1/1,4.1
2005/1/11,4.6
2005/1/21,4.9
2005/2/1,4.2
2005/2/11,5.8
2005/2/21,4.5
2005/3/1,6.7
2005/3/11,7.1
2005/3/21,9.2
2005/11/1,15.0
2005/11/11,10.6
2005/11/21,9.9
2005/12/1,5.9
2005/12/11,3.0
2005/12/21,2.9
2006/1/1,2.8
2006/1/11,5.5
2006/1/21,3.8
2006/2/1,3.5
2006/2/11,5.8
2006/2/21,7.6
2006/3/1,7.6
2006/3/11,6.7
2006/3/21,8.2
2006/11/1,15.5
2006/11/11,11.7
2006/11/21,12.5
2006/12/1,7.9
2006/12/11,7.6
2006/12/21,7.3
2007/1/1,5.7
2007/1/11,5.6
2007/1/21,6.1
2007/2/1,6.8
2007/2/11,7.1
2007/2/21,8.2
2007/3/1,8.8
2007/3/11,5.2
2007/3/21,11.5
2007/11/1,15.2
2007/11/11,11.2
2007/11/21,9.8
2007/12/1,7.9
2007/12/11,7.5
2007/12/21,7.8
2008/1/1,5.9
2008/1/11,4.5
2008/1/21,3.7
2008/2/1,3.3
2008/2/11,3.3
2008/2/21,4.2
2008/3/1,6.2
2008/3/11,11.6
2008/3/21,10.8
2008/11/1,14.6
2008/11/11,11.9
2008/11/21,9.3
2008/12/1,8.2
2008/12/11,8.6
2008/12/21,6.2
2009/1/1,5.2
2009/1/11,3.9
2009/1/21,6.4
2009/2/1,5.6
2009/2/11,7.2
2009/2/21,7.5
2009/3/1,8.2
2009/3/11,9.9
2009/3/21,8.3
2009/11/1,14.2
2009/11/11,12.3
2009/11/21,10.5
2009/12/1,9.3
2009/12/11,6.7
2009/12/21,5.8
2010/1/1,4.4
2010/1/11,4.2
2010/1/21,5.5
2010/2/1,5.2
2010/2/11,4.7
2010/2/21,11.3
2010/3/1,8.5
2010/3/11,9.9
2010/3/21,7.3
2010/11/1,13.1
2010/11/11,11.4
2010/11/21,10.8
2010/12/1,9.8
2010/12/11,7.4
2010/12/21,5.5
2011/1/1,3.2
2011/1/11,2.6
2011/1/21,2.7
2011/2/1,5.6
2011/2/11,4.3
2011/2/21,9.8
2011/3/1,5.1
2011/3/11,7.9
2011/3/21,7.3
2011/11/1,17.1
2011/11/11,14.0
2011/11/21,10.3
2011/12/1,9.5
2011/12/11,6.2
2011/12/21,4.2
2012/1/1,4.3
2012/1/11,4.8
2012/1/21,3.4
2012/2/1,3.3
2012/2/11,3.2
2012/2/21,6.0
2012/3/1,9.2
2012/3/11,6.7
2012/3/21,8.8
2012/11/1,13.3
2012/11/11,11.0
2012/11/21,9.2
2012/12/1,5.1
2012/12/11,6.2
2012/12/21,5.0
2013/1/1,3.2
2013/1/11,4.0
2013/1/21,4.4
2013/2/1,5.6
2013/2/11,3.5
2013/2/21,4.4
2013/3/1,8.6
2013/3/11,10.3
2013/3/21,10.1
2013/11/1,15.2
2013/11/11,10.4
2013/11/21,9.0
2013/12/1,8.5
2013/12/11,5.8
2013/12/21,4.7
2014/1/1,4.7
2014/1/11,3.3
2014/1/21,5.3
2014/2/1,5.1
2014/2/11,3.6
2014/2/21,6.9
2014/3/1,5.6
2014/3/11,9.2
2014/3/21,11.9
2014/11/1,15.3
2014/11/11,10.9
2014/11/21,13.2
2014/12/1,6.5
2014/12/11,4.6
2014/12/21,5.6
2015/1/1,3.8
2015/1/11,5.1
2015/1/21,5.7
2015/2/1,3.8
2015/2/11,5.1
2015/2/21,8.5
2015/3/1,7.2
2015/3/11,10.1
2015/3/21,10.8
2015/11/1,16.2
2015/11/11,15.7
2015/11/21,11.5
2015/12/1,9.9
2015/12/11,9.7
2015/12/21,7.5
2016/1/1,7.6
2016/1/11,5.0
2016/1/21,4.5
2016/2/1,4.9
2016/2/11,7.9
2016/2/21,6.4
2016/3/1,10.4
2016/3/11,9.2
2016/3/21,10.2
2016/11/1,12.1
2016/11/11,14.1
2016/11/21,11.3
2016/12/1,9.9
2016/12/11,6.9
2016/12/21,7.7
2017/1/1,6.9
2017/1/11,3.5
2017/1/21,4.1
2017/2/1,4.6
2017/2/11,5.1
2017/2/21,5.7
2017/3/1,7.2
2017/3/11,8.1
2017/3/21,9.1
2017/11/1,14.0
2017/11/11,10.1
2017/11/21,9.6
2017/12/1,6.6
2017/12/11,4.7
2017/12/21,5.4
2018/1/1,4.7
2018/1/11,5.0
2018/1/21,2.2
2018/2/1,2.5
2018/2/11,4.3
2018/2/21,7.0
2018/3/1,9.4
2018/3/11,11.0
2018/3/21,12.3
2018/11/1,16.1
2018/11/11,13.4
2018/11/21,11.0
2018/12/1,11.1
2018/12/11,7.1
2018/12/21,6.6
2019/1/1,5.0
2019/1/11,5.6
2019/1/21,4.7
2019/2/1,6.4
2019/2/11,6.0
2019/2/21,8.8
2019/3/1,9.1
2019/3/11,8.7
2019/3/21,10.9
2019/11/1,14.4
2019/11/11,12.8
2019/11/21,11.6
2019/12/1,8.0
2019/12/11,9.1
2019/12/21,7.9
2020/1/1,7.1
2020/1/11,6.8
2020/1/21,8.6
2020/2/1,4.7
2020/2/11,8.5
2020/2/21,7.6
2020/3/1,9.9
2020/3/11,9.9
2020/3/21,11.9
2020/11/1,13.9
2020/11/11,15.2
2020/11/21,11.8
2020/12/1,9.4
2020/12/11,6.3
2020/12/21,6.0
2021/1/1,2.9
2021/1/11,4.7
2021/1/21,7.5
2021/2/1,6.5
2021/2/11,8.2
2021/2/21,8.7
2021/3/1,9.7
2021/3/11,11.3
2021/3/21,13.5