date_from,date_to,avg_temp
1880/12/1,1880/12/10,3.9
1880/12/11,1880/12/20,3.2
1880/12/21,1880/12/31,0.3
1881/1/1,1881/1/10,1.4
1881/1/11,1881/1/20,0.5
1881/1/21,1881/1/31,-0.2
1881/2/1,1881/2/10,1.3
1881/2/11,1881/2/20,1.9
1881/2/21,1881/2/28,4.8
1881/3/1,1881/3/10,3.8
1881/3/11,1881/3/20,4.4
1881/3/21,1881/3/31,5.7
1881/12/1,1881/12/10,5.4
1881/12/11,1881/12/20,3.9
1881/12/21,1881/12/31,2.1
1882/1/1,1882/1/10,4.6
1882/1/11,1882/1/20,2.5
1882/1/21,1882/1/31,5.7
1882/2/1,1882/2/10,5.0
1882/2/11,1882/2/20,5.5
1882/2/21,1882/2/28,2.3
1882/3/1,1882/3/10,3.2
1882/3/11,1882/3/20,6.6
1882/3/21,1882/3/31,6.7
1882/12/1,1882/12/10,5.1
1882/12/11,1882/12/20,3.0
1882/12/21,1882/12/31,0.8
1883/1/1,1883/1/10,2.1
1883/1/11,1883/1/20,1.1
1883/1/21,1883/1/31,3.4
1883/2/1,1883/2/10,1.3
1883/2/11,1883/2/20,3.8
1883/2/21,1883/2/28,4.6
1883/3/1,1883/3/10,4.2
1883/3/11,1883/3/20,5.6
1883/3/21,1883/3/31,6.9
1883/12/1,1883/12/10,4.3
1883/12/11,1883/12/20,3.7
1883/12/21,1883/12/31,2.7
1884/1/1,1884/1/10,1.7
1884/1/11,1884/1/20,1.5
1884/1/21,1884/1/31,2.4
1884/2/1,1884/2/10,0.5
1884/2/11,1884/2/20,1.2
1884/2/21,1884/2/29,3.4
1884/3/1,1884/3/10,5.2
1884/3/11,1884/3/20,4.9
1884/3/21,1884/3/31,6.5
1884/12/1,1884/12/10,3.4
1884/12/11,1884/12/20,2.1
1884/12/21,1884/12/31,2.2
1885/1/1,1885/1/10,1.4
1885/1/11,1885/1/20,0.6
1885/1/21,1885/1/31,0.5
1885/2/1,1885/2/10,1.2
1885/2/11,1885/2/20,0.0
1885/2/21,1885/2/28,2.9
1885/3/1,1885/3/10,3.3
1885/3/11,1885/3/20,2.8
1885/3/21,1885/3/31,5.1
1885/12/1,1885/12/10,5.9
1885/12/11,1885/12/20,4.7
1885/12/21,1885/12/31,4.8
1886/1/1,1886/1/10,1.8
1886/1/11,1886/1/20,1.7
1886/1/21,1886/1/31,0.9
1886/2/1,1886/2/10,0.8
1886/2/11,1886/2/20,0.5
1886/2/21,1886/2/28,1.9
1886/3/1,1886/3/10,6.0
1886/3/11,1886/3/20,8.3
1886/3/21,1886/3/31,6.9
1886/12/1,1886/12/10,4.3
1886/12/11,1886/12/20,3.5
1886/12/21,1886/12/31,3.7
1887/1/1,1887/1/10,1.2
1887/1/11,1887/1/20,3.4
1887/1/21,1887/1/31,5.6
1887/2/1,1887/2/10,1.6
1887/2/11,1887/2/20,3.5
1887/2/21,1887/2/28,3.9
1887/3/1,1887/3/10,3.1
1887/3/11,1887/3/20,5.5
1887/3/21,1887/3/31,7.1
1887/12/1,1887/12/10,6.6
1887/12/11,1887/12/20,4.2
1887/12/21,1887/12/31,3.1
1888/1/1,1888/1/10,3.3
1888/1/11,1888/1/20,3.6
1888/1/21,1888/1/31,1.8
1888/2/1,1888/2/10,1.4
1888/2/11,1888/2/20,1.4
1888/2/21,1888/2/29,2.5
1888/3/1,1888/3/10,5.4
1888/3/11,1888/3/20,6.9
1888/3/21,1888/3/31,9.9
1888/12/1,1888/12/10,6.4
1888/12/11,1888/12/20,4.2
1888/12/21,1888/12/31,5.4
1889/1/1,1889/1/10,2.2
1889/1/11,1889/1/20,3.4
1889/1/21,1889/1/31,0.7
1889/2/1,1889/2/10,1.4
1889/2/11,1889/2/20,2.5
1889/2/21,1889/2/28,4.1
1889/3/1,1889/3/10,7.4
1889/3/11,1889/3/20,5.2
1889/3/21,1889/3/31,7.3
1889/12/1,1889/12/10,4.8
1889/12/11,1889/12/20,5.5
1889/12/21,1889/12/31,4.5
1890/1/1,1890/1/10,3.1
1890/1/11,1890/1/20,3.6
1890/1/21,1890/1/31,3.1
1890/2/1,1890/2/10,5.8
1890/2/11,1890/2/20,8.6
1890/2/21,1890/2/28,5.1
1890/3/1,1890/3/10,6.3
1890/3/11,1890/3/20,8.0
1890/3/21,1890/3/31,11.2
1890/12/1,1890/12/10,14.0
1890/12/11,1890/12/20,7.3
1890/12/21,1890/12/31,6.0
1891/1/1,1891/1/10,2.4
1891/1/11,1891/1/20,1.1
1891/1/21,1891/1/31,2.3
1891/2/1,1891/2/10,3.5
1891/2/11,1891/2/20,1.1
1891/2/21,1891/2/28,7.5
1891/3/1,1891/3/10,6.2
1891/3/11,1891/3/20,7.3
1891/3/21,1891/3/31,9.7
1891/12/1,1891/12/10,6.4
1891/12/11,1891/12/20,3.6
1891/12/21,1891/12/31,4.5
1892/1/1,1892/1/10,3.3
1892/1/11,1892/1/20,1.1
1892/1/21,1892/1/31,2.6
1892/2/1,1892/2/10,2.8
1892/2/11,1892/2/20,2.8
1892/2/21,1892/2/29,3.0
1892/3/1,1892/3/10,5.9
1892/3/11,1892/3/20,4.5
1892/3/21,1892/3/31,4.0
1892/12/1,1892/12/10,3.9
1892/12/11,1892/12/20,0.6
1892/12/21,1892/12/31,1.7
1893/1/1,1893/1/10,2.5
1893/1/11,1893/1/20,1.2
1893/1/21,1893/1/31,2.2
1893/2/1,1893/2/10,1.6
1893/2/11,1893/2/20,0.6
1893/2/21,1893/2/28,0.0
1893/3/1,1893/3/10,1.9
1893/3/11,1893/3/20,5.2
1893/3/21,1893/3/31,7.6
1893/12/1,1893/12/10,4.3
1893/12/11,1893/12/20,2.0
1893/12/21,1893/12/31,2.8
1894/1/1,1894/1/10,2.4
1894/1/11,1894/1/20,2.5
1894/1/21,1894/1/31,1.0
1894/2/1,1894/2/10,1.9
1894/2/11,1894/2/20,2.3
1894/2/21,1894/2/28,3.5
1894/3/1,1894/3/10,6.4
1894/3/11,1894/3/20,5.7
1894/3/21,1894/3/31,10.1
1894/12/1,1894/12/10,5.9
1894/12/11,1894/12/20,3.1
1894/12/21,1894/12/31,3.5
1895/1/1,1895/1/10,3.0
1895/1/11,1895/1/20,0.9
1895/1/21,1895/1/31,0.4
1895/2/1,1895/2/10,1.4
1895/2/11,1895/2/20,4.7
1895/2/21,1895/2/28,0.5
1895/3/1,1895/3/10,5.0
1895/3/11,1895/3/20,5.7
1895/3/21,1895/3/31,9.5
1895/12/1,1895/12/10,7.7
1895/12/11,1895/12/20,2.2
1895/12/21,1895/12/31,2.8
1896/1/1,1896/1/10,3.5
1896/1/11,1896/1/20,2.2
1896/1/21,1896/1/31,1.9
1896/2/1,1896/2/10,2.6
1896/2/11,1896/2/20,1.1
1896/2/21,1896/2/29,5.2
1896/3/1,1896/3/10,1.3
1896/3/11,1896/3/20,6.7
1896/3/21,1896/3/31,5.8
1896/12/1,1896/12/10,3.4
1896/12/11,1896/12/20,5.5
1896/12/21,1896/12/31,3.1
1897/1/1,1897/1/10,4.5
1897/1/11,1897/1/20,4.3
1897/1/21,1897/1/31,2.3
1897/2/1,1897/2/10,2.5
1897/2/11,1897/2/20,2.0
1897/2/21,1897/2/28,4.4
1897/3/1,1897/3/10,5.9
1897/3/11,1897/3/20,5.2
1897/3/21,1897/3/31,7.5
1897/12/1,1897/12/10,4.8
1897/12/11,1897/12/20,2.5
1897/12/21,1897/12/31,1.0
1898/1/1,1898/1/10,3.5
1898/1/11,1898/1/20,3.4
1898/1/21,1898/1/31,2.9
1898/2/1,1898/2/10,4.2
1898/2/11,1898/2/20,4.1
1898/2/21,1898/2/28,3.2
1898/3/1,1898/3/10,3.1
1898/3/11,1898/3/20,5.3
1898/3/21,1898/3/31,7.6
1898/12/1,1898/12/10,7.9
1898/12/11,1898/12/20,5.7
1898/12/21,1898/12/31,3.0
1899/1/1,1899/1/10,2.5
1899/1/11,1899/1/20,2.6
1899/1/21,1899/1/31,1.7
1899/2/1,1899/2/10,2.1
1899/2/11,1899/2/20,2.7
1899/2/21,1899/2/28,8.2
1899/3/1,1899/3/10,7.8
1899/3/11,1899/3/20,5.1
1899/3/21,1899/3/31,8.4
1899/12/1,1899/12/10,5.1
1899/12/11,1899/12/20,5.2
1899/12/21,1899/12/31,4.9
1900/1/1,1900/1/10,1.5
1900/1/11,1900/1/20,1.3
1900/1/21,1900/1/31,1.8
1900/2/1,1900/2/10,1.5
1900/2/11,1900/2/20,3.1
1900/2/21,1900/2/28,3.2
1900/3/1,1900/3/10,4.2
1900/3/11,1900/3/20,3.8
1900/3/21,1900/3/31,7.5
1900/12/1,1900/12/10,4.8
1900/12/11,1900/12/20,3.4
1900/12/21,1900/12/31,4.6
1901/1/1,1901/1/10,5.3
1901/1/11,1901/1/20,3.8
1901/1/21,1901/1/31,3.5
1901/2/1,1901/2/10,0.9
1901/2/11,1901/2/20,1.8
1901/2/21,1901/2/28,2.3
1901/3/1,1901/3/10,3.1
1901/3/11,1901/3/20,3.7
1901/3/21,1901/3/31,8.5
1901/12/1,1901/12/10,4.7
1901/12/11,1901/12/20,3.0
1901/12/21,1901/12/31,2.3
1902/1/1,1902/1/10,1.2
1902/1/11,1902/1/20,1.6
1902/1/21,1902/1/31,2.4
1902/2/1,1902/2/10,1.6
1902/2/11,1902/2/20,1.5
1902/2/21,1902/2/28,4.7
1902/3/1,1902/3/10,5.0
1902/3/11,1902/3/20,8.4
1902/3/21,1902/3/31,9.8
1902/12/1,1902/12/10,7.4
1902/12/11,1902/12/20,9.0
1902/12/21,1902/12/31,3.8
1903/1/1,1903/1/10,2.6
1903/1/11,1903/1/20,3.7
1903/1/21,1903/1/31,5.0
1903/2/1,1903/2/10,2.7
1903/2/11,1903/2/20,3.2
1903/2/21,1903/2/28,4.9
1903/3/1,1903/3/10,7.0
1903/3/11,1903/3/20,10.0
1903/3/21,1903/3/31,8.5
1903/12/1,1903/12/10,4.9
1903/12/11,1903/12/20,3.7
1903/12/21,1903/12/31,1.5
1904/1/1,1904/1/10,2.0
1904/1/11,1904/1/20,2.2
1904/1/21,1904/1/31,0.6
1904/2/1,1904/2/10,3.2
1904/2/11,1904/2/20,3.4
1904/2/21,1904/2/29,5.6
1904/3/1,1904/3/10,7.4
1904/3/11,1904/3/20,5.5
1904/3/21,1904/3/31,6.0
1904/12/1,1904/12/10,6.6
1904/12/11,1904/12/20,6.0
1904/12/21,1904/12/31,2.7
1905/1/1,1905/1/10,3.8
1905/1/11,1905/1/20,4.1
1905/1/21,1905/1/31,5.1
1905/2/1,1905/2/10,1.0
1905/2/11,1905/2/20,2.1
1905/2/21,1905/2/28,4.4
1905/3/1,1905/3/10,3.1
1905/3/11,1905/3/20,5.5
1905/3/21,1905/3/31,10.3
1905/12/1,1905/12/10,9.9
1905/12/11,1905/12/20,5.0
1905/12/21,1905/12/31,5.6
1906/1/1,1906/1/10,2.8
1906/1/11,1906/1/20,1.9
1906/1/21,1906/1/31,0.3
1906/2/1,1906/2/10,2.5
1906/2/11,1906/2/20,2.3
1906/2/21,1906/2/28,5.5
1906/3/1,1906/3/10,3.1
1906/3/11,1906/3/20,7.9
1906/3/21,1906/3/31,8.5
1906/12/1,1906/12/10,4.4
1906/12/11,1906/12/20,7.2
1906/12/21,1906/12/31,2.2
1907/1/1,1907/1/10,2.7
1907/1/11,1907/1/20,2.9
1907/1/21,1907/1/31,5.6
1907/2/1,1907/2/10,0.9
1907/2/11,1907/2/20,1.0
1907/2/21,1907/2/28,1.9
1907/3/1,1907/3/10,4.2
1907/3/11,1907/3/20,5.1
1907/3/21,1907/3/31,6.8
1907/12/1,1907/12/10,4.1
1907/12/11,1907/12/20,3.3
1907/12/21,1907/12/31,2.3
1908/1/1,1908/1/10,1.9
1908/1/11,1908/1/20,5.7
1908/1/21,1908/1/31,2.2
1908/2/1,1908/2/10,1.0
1908/2/11,1908/2/20,1.7
1908/2/21,1908/2/29,4.6
1908/3/1,1908/3/10,4.9
1908/3/11,1908/3/20,4.9
1908/3/21,1908/3/31,8.6
1908/12/1,1908/12/10,4.5
1908/12/11,1908/12/20,4.7
1908/12/21,1908/12/31,4.6
1909/1/1,1909/1/10,2.8
1909/1/11,1909/1/20,2.6
1909/1/21,1909/1/31,2.1
1909/2/1,1909/2/10,1.8
1909/2/11,1909/2/20,2.8
1909/2/21,1909/2/28,1.2
1909/3/1,1909/3/10,5.0
1909/3/11,1909/3/20,5.5
1909/3/21,1909/3/31,6.3
1909/12/1,1909/12/10,4.8
1909/12/11,1909/12/20,2.5
1909/12/21,1909/12/31,3.6
1910/1/1,1910/1/10,6.2
1910/1/11,1910/1/20,3.5
1910/1/21,1910/1/31,3.6
1910/2/1,1910/2/10,0.8
1910/2/11,1910/2/20,1.9
1910/2/21,1910/2/28,3.7
1910/3/1,1910/3/10,0.8
1910/3/11,1910/3/20,5.1
1910/3/21,1910/3/31,8.0
1910/12/1,1910/12/10,4.4
1910/12/11,1910/12/20,2.0
1910/12/21,1910/12/31,2.6
1911/1/1,1911/1/10,1.5
1911/1/11,1911/1/20,2.3
1911/1/21,1911/1/31,4.4
1911/2/1,1911/2/10,3.2
1911/2/11,1911/2/20,3.6
1911/2/21,1911/2/28,4.3
1911/3/1,1911/3/10,7.5
1911/3/11,1911/3/20,7.1
1911/3/21,1911/3/31,8.5
1911/12/1,1911/12/10,5.6
1911/12/11,1911/12/20,4.4
1911/12/21,1911/12/31,2.6
1912/1/1,1912/1/10,2.3
1912/1/11,1912/1/20,1.2
1912/1/21,1912/1/31,3.3
1912/2/1,1912/2/10,4.3
1912/2/11,1912/2/20,4.6
1912/2/21,1912/2/29,9.2
1912/3/1,1912/3/10,7.6
1912/3/11,1912/3/20,4.7
1912/3/21,1912/3/31,8.5
1912/12/1,1912/12/10,4.5
1912/12/11,1912/12/20,5.7
1912/12/21,1912/12/31,3.2
1913/1/1,1913/1/10,1.3
1913/1/11,1913/1/20,1.5
1913/1/21,1913/1/31,2.4
1913/2/1,1913/2/10,3.2
1913/2/11,1913/2/20,2.8
1913/2/21,1913/2/28,4.3
1913/3/1,1913/3/10,1.3
1913/3/11,1913/3/20,5.3
1913/3/21,1913/3/31,7.0
1913/12/1,1913/12/10,6.4
1913/12/11,1913/12/20,5.0
1913/12/21,1913/12/31,3.2
1914/1/1,1914/1/10,2.7
1914/1/11,1914/1/20,4.6
1914/1/21,1914/1/31,3.3
1914/2/1,1914/2/10,2.3
1914/2/11,1914/2/20,5.0
1914/2/21,1914/2/28,5.3
1914/3/1,1914/3/10,9.2
1914/3/11,1914/3/20,7.8
1914/3/21,1914/3/31,9.8
1914/12/1,1914/12/10,7.6
1914/12/11,1914/12/20,4.1
1914/12/21,1914/12/31,3.9
1915/1/1,1915/1/10,3.7
1915/1/11,1915/1/20,1.9
1915/1/21,1915/1/31,4.0
1915/2/1,1915/2/10,4.1
1915/2/11,1915/2/20,3.1
1915/2/21,1915/2/28,5.8
1915/3/1,1915/3/10,6.7
1915/3/11,1915/3/20,4.1
1915/3/21,1915/3/31,6.0
1915/12/1,1915/12/10,5.8
1915/12/11,1915/12/20,4.1
1915/12/21,1915/12/31,5.9
1916/1/1,1916/1/10,6.1
1916/1/11,1916/1/20,3.5
1916/1/21,1916/1/31,4.9
1916/2/1,1916/2/10,5.5
1916/2/11,1916/2/20,2.2
1916/2/21,1916/2/29,5.8
1916/3/1,1916/3/10,3.7
1916/3/11,1916/3/20,4.2
1916/3/21,1916/3/31,6.7
1916/12/1,1916/12/10,9.7
1916/12/11,1916/12/20,5.8
1916/12/21,1916/12/31,3.5
1917/1/1,1917/1/10,0.9
1917/1/11,1917/1/20,2.4
1917/1/21,1917/1/31,1.1
1917/2/1,1917/2/10,1.0
1917/2/11,1917/2/20,3.4
1917/2/21,1917/2/28,4.1
1917/3/1,1917/3/10,4.3
1917/3/11,1917/3/20,7.6
1917/3/21,1917/3/31,6.5
1917/12/1,1917/12/10,5.2
1917/12/11,1917/12/20,3.6
1917/12/21,1917/12/31,0.1
1918/1/1,1918/1/10,0.7
1918/1/11,1918/1/20,1.4
1918/1/21,1918/1/31,0.9
1918/2/1,1918/2/10,3.9
1918/2/11,1918/2/20,1.3
1918/2/21,1918/2/28,4.1
1918/3/1,1918/3/10,5.2
1918/3/11,1918/3/20,6.8
1918/3/21,1918/3/31,7.4
1918/12/1,1918/12/10,5.7
1918/12/11,1918/12/20,4.1
1918/12/21,1918/12/31,3.4
1919/1/1,1919/1/10,3.0
1919/1/11,1919/1/20,4.1
1919/1/21,1919/1/31,1.9
1919/2/1,1919/2/10,0.5
1919/2/11,1919/2/20,5.0
1919/2/21,1919/2/28,7.0
1919/3/1,1919/3/10,7.4
1919/3/11,1919/3/20,6.8
1919/3/21,1919/3/31,8.2
1919/12/1,1919/12/10,7.3
1919/12/11,1919/12/20,3.4
1919/12/21,1919/12/31,3.9
1920/1/1,1920/1/10,3.3
1920/1/11,1920/1/20,3.1
1920/1/21,1920/1/31,3.5
1920/2/1,1920/2/10,4.1
1920/2/11,1920/2/20,2.7
1920/2/21,1920/2/29,2.6
1920/3/1,1920/3/10,4.5
1920/3/11,1920/3/20,7.6
1920/3/21,1920/3/31,9.3
1920/12/1,1920/12/10,7.4
1920/12/11,1920/12/20,6.6
1920/12/21,1920/12/31,3.0
1921/1/1,1921/1/10,4.0
1921/1/11,1921/1/20,3.5
1921/1/21,1921/1/31,3.4
1921/2/1,1921/2/10,2.8
1921/2/11,1921/2/20,2.5
1921/2/21,1921/2/28,4.5
1921/3/1,1921/3/10,4.3
1921/3/11,1921/3/20,5.8
1921/3/21,1921/3/31,5.9
1921/12/1,1921/12/10,5.1
1921/12/11,1921/12/20,7.0
1921/12/21,1921/12/31,2.8
1922/1/1,1922/1/10,2.1
1922/1/11,1922/1/20,1.1
1922/1/21,1922/1/31,0.8
1922/2/1,1922/2/10,4.9
1922/2/11,1922/2/20,6.7
1922/2/21,1922/2/28,8.5
1922/3/1,1922/3/10,4.5
1922/3/11,1922/3/20,7.6
1922/3/21,1922/3/31,5.5
1922/12/1,1922/12/10,4.7
1922/12/11,1922/12/20,2.8
1922/12/21,1922/12/31,3.6
1923/1/1,1923/1/10,0.2
1923/1/11,1923/1/20,1.4
1923/1/21,1923/1/31,2.7
1923/2/1,1923/2/10,1.9
1923/2/11,1923/2/20,6.5
1923/2/21,1923/2/28,2.4
1923/3/1,1923/3/10,4.9
1923/3/11,1923/3/20,8.5
1923/3/21,1923/3/31,10.6
1923/12/1,1923/12/10,7.4
1923/12/11,1923/12/20,5.6
1923/12/21,1923/12/31,4.7
1924/1/1,1924/1/10,3.3
1924/1/11,1924/1/20,4.1
1924/1/21,1924/1/31,1.0
1924/2/1,1924/2/10,4.9
1924/2/11,1924/2/20,3.6
1924/2/21,1924/2/29,2.5
1924/3/1,1924/3/10,3.3
1924/3/11,1924/3/20,2.6
1924/3/21,1924/3/31,6.0
1924/12/1,1924/12/10,5.4
1924/12/11,1924/12/20,3.5
1924/12/21,1924/12/31,4.1
1925/1/1,1925/1/10,3.3
1925/1/11,1925/1/20,2.1
1925/1/21,1925/1/31,1.9
1925/2/1,1925/2/10,2.3
1925/2/11,1925/2/20,2.9
1925/2/21,1925/2/28,1.1
1925/3/1,1925/3/10,3.8
1925/3/11,1925/3/20,4.5
1925/3/21,1925/3/31,7.4
1925/12/1,1925/12/10,6.8
1925/12/11,1925/12/20,4.9
1925/12/21,1925/12/31,5.1
1926/1/1,1926/1/10,1.8
1926/1/11,1926/1/20,4.0
1926/1/21,1926/1/31,0.9
1926/2/1,1926/2/10,4.3
1926/2/11,1926/2/20,3.3
1926/2/21,1926/2/28,4.0
1926/3/1,1926/3/10,5.5
1926/3/11,1926/3/20,5.5
1926/3/21,1926/3/31,5.2
1926/12/1,1926/12/10,6.1
1926/12/11,1926/12/20,4.2
1926/12/21,1926/12/31,1.0
1927/1/1,1927/1/10,5.3
1927/1/11,1927/1/20,3.8
1927/1/21,1927/1/31,-0.6
1927/2/1,1927/2/10,0.7
1927/2/11,1927/2/20,3.2
1927/2/21,1927/2/28,2.2
1927/3/1,1927/3/10,3.7
1927/3/11,1927/3/20,5.5
1927/3/21,1927/3/31,8.9
1927/12/1,1927/12/10,8.0
1927/12/11,1927/12/20,5.8
1927/12/21,1927/12/31,3.8
1928/1/1,1928/1/10,2.2
1928/1/11,1928/1/20,3.8
1928/1/21,1928/1/31,4.6
1928/2/1,1928/2/10,2.2
1928/2/11,1928/2/20,2.7
1928/2/21,1928/2/29,4.0
1928/3/1,1928/3/10,5.5
1928/3/11,1928/3/20,5.8
1928/3/21,1928/3/31,7.8
1928/12/1,1928/12/10,6.9
1928/12/11,1928/12/20,4.5
1928/12/21,1928/12/31,3.2
1929/1/1,1929/1/10,0.8
1929/1/11,1929/1/20,3.4
1929/1/21,1929/1/31,1.0
1929/2/1,1929/2/10,1.6
1929/2/11,1929/2/20,1.4
1929/2/21,1929/2/28,4.0
1929/3/1,1929/3/10,3.2
1929/3/11,1929/3/20,4.0
1929/3/21,1929/3/31,10.1
1929/12/1,1929/12/10,7.6
1929/12/11,1929/12/20,12.6
1929/12/21,1929/12/31,5.4
1930/1/1,1930/1/10,2.0
1930/1/11,1930/1/20,2.8
1930/1/21,1930/1/31,3.4
1930/2/1,1930/2/10,3.9
1930/2/11,1930/2/20,2.9
1930/2/21,1930/2/28,8.5
1930/3/1,1930/3/10,6.5
1930/3/11,1930/3/20,7.4
1930/3/21,1930/3/31,10.9
1930/12/1,1930/12/10,6.3
1930/12/11,1930/12/20,5.8
1930/12/21,1930/12/31,4.0
1931/1/1,1931/1/10,5.3
1931/1/11,1931/1/20,1.5
1931/1/21,1931/1/31,3.3
1931/2/1,1931/2/10,4.6
1931/2/11,1931/2/20,2.5
1931/2/21,1931/2/28,3.1
1931/3/1,1931/3/10,4.7
1931/3/11,1931/3/20,7.0
1931/3/21,1931/3/31,8.4
1931/12/1,1931/12/10,7.3
1931/12/11,1931/12/20,4.6
1931/12/21,1931/12/31,5.3
1932/1/1,1932/1/10,4.3
1932/1/11,1932/1/20,3.8
1932/1/21,1932/1/31,5.5
1932/2/1,1932/2/10,3.8
1932/2/11,1932/2/20,3.5
1932/2/21,1932/2/29,1.7
1932/3/1,1932/3/10,5.3
1932/3/11,1932/3/20,5.7
1932/3/21,1932/3/31,6.3
1932/12/1,1932/12/10,7.3
1932/12/11,1932/12/20,4.7
1932/12/21,1932/12/31,5.3
1933/1/1,1933/1/10,4.0
1933/1/11,1933/1/20,3.3
1933/1/21,1933/1/31,1.2
1933/2/1,1933/2/10,2.6
1933/2/11,1933/2/20,2.6
1933/2/21,1933/2/28,3.0
1933/3/1,1933/3/10,2.7
1933/3/11,1933/3/20,5.0
1933/3/21,1933/3/31,7.6
1933/12/1,1933/12/10,7.8
1933/12/11,1933/12/20,4.6
1933/12/21,1933/12/31,4.3
1934/1/1,1934/1/10,1.6
1934/1/11,1934/1/20,1.0
1934/1/21,1934/1/31,0.6
1934/2/1,1934/2/10,2.9
1934/2/11,1934/2/20,2.3
1934/2/21,1934/2/28,2.2
1934/3/1,1934/3/10,1.9
1934/3/11,1934/3/20,7.0
1934/3/21,1934/3/31,7.5
1934/12/1,1934/12/10,5.5
1934/12/11,1934/12/20,6.2
1934/12/21,1934/12/31,5.8
1935/1/1,1935/1/10,4.2
1935/1/11,1935/1/20,3.9
1935/1/21,1935/1/31,1.7
1935/2/1,1935/2/10,2.8
1935/2/11,1935/2/20,4.2
1935/2/21,1935/2/28,6.7
1935/3/1,1935/3/10,6.0
1935/3/11,1935/3/20,8.0
1935/3/21,1935/3/31,6.6
1935/12/1,1935/12/10,7.9
1935/12/11,1935/12/20,2.7
1935/12/21,1935/12/31,4.8
1936/1/1,1936/1/10,2.1
1936/1/11,1936/1/20,-0.1
1936/1/21,1936/1/31,0.6
1936/2/1,1936/2/10,0.3
1936/2/11,1936/2/20,2.5
1936/2/21,1936/2/29,1.6
1936/3/1,1936/3/10,0.4
1936/3/11,1936/3/20,5.8
1936/3/21,1936/3/31,7.0
1936/12/1,1936/12/10,6.0
1936/12/11,1936/12/20,10.3
1936/12/21,1936/12/31,4.7
1937/1/1,1937/1/10,5.5
1937/1/11,1937/1/20,3.4
1937/1/21,1937/1/31,3.1
1937/2/1,1937/2/10,5.6
1937/2/11,1937/2/20,5.1
1937/2/21,1937/2/28,7.9
1937/3/1,1937/3/10,8.4
1937/3/11,1937/3/20,6.2
1937/3/21,1937/3/31,7.3
1937/12/1,1937/12/10,4.3
1937/12/11,1937/12/20,5.7
1937/12/21,1937/12/31,3.4
1938/1/1,1938/1/10,0.8
1938/1/11,1938/1/20,3.3
1938/1/21,1938/1/31,2.6
1938/2/1,1938/2/10,1.3
1938/2/11,1938/2/20,3.5
1938/2/21,1938/2/28,2.4
1938/3/1,1938/3/10,9.2
1938/3/11,1938/3/20,6.2
1938/3/21,1938/3/31,11.5
1938/12/1,1938/12/10,5.7
1938/12/11,1938/12/20,6.5
1938/12/21,1938/12/31,3.3
1939/1/1,1939/1/10,1.4
1939/1/11,1939/1/20,2.0
1939/1/21,1939/1/31,2.6
1939/2/1,1939/2/10,1.4
1939/2/11,1939/2/20,4.6
1939/2/21,1939/2/28,4.4
1939/3/1,1939/3/10,7.7
1939/3/11,1939/3/20,5.2
1939/3/21,1939/3/31,7.6
1939/12/1,1939/12/10,5.4
1939/12/11,1939/12/20,3.9
1939/12/21,1939/12/31,5.0
1940/1/1,1940/1/10,4.7
1940/1/11,1940/1/20,2.6
1940/1/21,1940/1/31,-0.1
1940/2/1,1940/2/10,1.0
1940/2/11,1940/2/20,4.5
1940/2/21,1940/2/29,2.4
1940/3/1,1940/3/10,7.3
1940/3/11,1940/3/20,5.3
1940/3/21,1940/3/31,6.2
1940/12/1,1940/12/10,8.6
1940/12/11,1940/12/20,6.3
1940/12/21,1940/12/31,5.1
1941/1/1,1941/1/10,6.7
1941/1/11,1941/1/20,3.5
1941/1/21,1941/1/31,3.8
1941/2/1,1941/2/10,2.1
1941/2/11,1941/2/20,4.7
1941/2/21,1941/2/28,5.8
1941/3/1,1941/3/10,5.2
1941/3/11,1941/3/20,9.9
1941/3/21,1941/3/31,7.9
1941/12/1,1941/12/10,7.6
1941/12/11,1941/12/20,5.4
1941/12/21,1941/12/31,6.8
1942/1/1,1942/1/10,3.5
1942/1/11,1942/1/20,1.5
1942/1/21,1942/1/31,4.0
1942/2/1,1942/2/10,4.2
1942/2/11,1942/2/20,1.3
1942/2/21,1942/2/28,4.1
1942/3/1,1942/3/10,7.5
1942/3/11,1942/3/20,10.6
1942/3/21,1942/3/31,11.4
1942/12/1,1942/12/10,5.1
1942/12/11,1942/12/20,4.7
1942/12/21,1942/12/31,3.6
1943/1/1,1943/1/10,1.4
1943/1/11,1943/1/20,1.6
1943/1/21,1943/1/31,2.3
1943/2/1,1943/2/10,2.7
1943/2/11,1943/2/20,2.6
1943/2/21,1943/2/28,2.7
1943/3/1,1943/3/10,3.4
1943/3/11,1943/3/20,6.9
1943/3/21,1943/3/31,7.7
1943/12/1,1943/12/10,5.4
1943/12/11,1943/12/20,5.5
1943/12/21,1943/12/31,5.0
1944/1/1,1944/1/10,2.1
1944/1/11,1944/1/20,3.0
1944/1/21,1944/1/31,3.7
1944/2/1,1944/2/10,2.3
1944/2/11,1944/2/20,2.4
1944/2/21,1944/2/29,2.8
1944/3/1,1944/3/10,4.7
1944/3/11,1944/3/20,6.4
1944/3/21,1944/3/31,6.0
1944/12/1,1944/12/10,5.7
1944/12/11,1944/12/20,3.6
1944/12/21,1944/12/31,3.0
1945/1/1,1945/1/10,2.0
1945/1/11,1945/1/20,0.8
1945/1/21,1945/1/31,0.1
1945/2/1,1945/2/10,0.1
1945/2/11,1945/2/20,1.4
1945/2/21,1945/2/28,2.4
1945/3/1,1945/3/10,5.6
1945/3/11,1945/3/20,3.5
1945/3/21,1945/3/31,10.3
1945/12/1,1945/12/10,5.8
1945/12/11,1945/12/20,3.7
1945/12/21,1945/12/31,3.2
1946/1/1,1946/1/10,2.6
1946/1/11,1946/1/20,2.0
1946/1/21,1946/1/31,5.5
1946/2/1,1946/2/10,2.3
1946/2/11,1946/2/20,4.1
1946/2/21,1946/2/28,4.0
1946/3/1,1946/3/10,4.6
1946/3/11,1946/3/20,4.7
1946/3/21,1946/3/31,8.6
1946/12/1,1946/12/10,6.1
1946/12/11,1946/12/20,4.2
1946/12/21,1946/12/31,4.2
1947/1/1,1947/1/10,4.1
1947/1/11,1947/1/20,6.1
1947/1/21,1947/1/31,1.6
1947/2/1,1947/2/10,0.7
1947/2/11,1947/2/20,0.4
1947/2/21,1947/2/28,3.7
1947/3/1,1947/3/10,4.7
1947/3/11,1947/3/20,5.2
1947/3/21,1947/3/31,6.3
1947/12/1,1947/12/10,6.8
1947/12/11,1947/12/20,2.3
1947/12/21,1947/12/31,2.6
1948/1/1,1948/1/10,2.3
1948/1/11,1948/1/20,3.8
1948/1/21,1948/1/31,4.2
1948/2/1,1948/2/10,2.1
1948/2/11,1948/2/20,5.0
1948/2/21,1948/2/29,5.2
1948/3/1,1948/3/10,3.5
1948/3/11,1948/3/20,9.1
1948/3/21,1948/3/31,6.5
1948/12/1,1948/12/10,7.4
1948/12/11,1948/12/20,8.2
1948/12/21,1948/12/31,10.0
1949/1/1,1949/1/10,4.4
1949/1/11,1949/1/20,3.6
1949/1/21,1949/1/31,5.6
1949/2/1,1949/2/10,5.8
1949/2/11,1949/2/20,4.8
1949/2/21,1949/2/28,7.2
1949/3/1,1949/3/10,4.3
1949/3/11,1949/3/20,6.4
1949/3/21,1949/3/31,5.8
1949/12/1,1949/12/10,8.1
1949/12/11,1949/12/20,7.1
1949/12/21,1949/12/31,4.2
1950/1/1,1950/1/10,4.6
1950/1/11,1950/1/20,5.3
1950/1/21,1950/1/31,5.7
1950/2/1,1950/2/10,5.8
1950/2/11,1950/2/20,3.7
1950/2/21,1950/2/28,3.4
1950/3/1,1950/3/10,6.9
1950/3/11,1950/3/20,4.8
1950/3/21,1950/3/31,8.5
1950/12/1,1950/12/10,5.8
1950/12/11,1950/12/20,5.8
1950/12/21,1950/12/31,3.6
1951/1/1,1951/1/10,4.0
1951/1/11,1951/1/20,3.8
1951/1/21,1951/1/31,2.8
1951/2/1,1951/2/10,2.9
1951/2/11,1951/2/20,2.8
1951/2/21,1951/2/28,9.6
1951/3/1,1951/3/10,5.6
1951/3/11,1951/3/20,8.4
1951/3/21,1951/3/31,8.1
1951/12/1,1951/12/10,7.0
1951/12/11,1951/12/20,6.4
1951/12/21,1951/12/31,8.1
1952/1/1,1952/1/10,4.9
1952/1/11,1952/1/20,3.3
1952/1/21,1952/1/31,4.0
1952/2/1,1952/2/10,1.9
1952/2/11,1952/2/20,3.7
1952/2/21,1952/2/29,4.3
1952/3/1,1952/3/10,5.7
1952/3/11,1952/3/20,7.3
1952/3/21,1952/3/31,7.4
1952/12/1,1952/12/10,6.4
1952/12/11,1952/12/20,7.4
1952/12/21,1952/12/31,4.1
1953/1/1,1953/1/10,2.7
1953/1/11,1953/1/20,3.0
1953/1/21,1953/1/31,3.0
1953/2/1,1953/2/10,2.4
1953/2/11,1953/2/20,4.5
1953/2/21,1953/2/28,5.1
1953/3/1,1953/3/10,8.4
1953/3/11,1953/3/20,9.0
1953/3/21,1953/3/31,8.3
1953/12/1,1953/12/10,8.0
1953/12/11,1953/12/20,7.4
1953/12/21,1953/12/31,6.0
1954/1/1,1954/1/10,5.8
1954/1/11,1954/1/20,6.9
1954/1/21,1954/1/31,2.8
1954/2/1,1954/2/10,2.9
1954/2/11,1954/2/20,5.9
1954/2/21,1954/2/28,7.7
1954/3/1,1954/3/10,6.3
1954/3/11,1954/3/20,6.6
1954/3/21,1954/3/31,9.6
1954/12/1,1954/12/10,10.0
1954/12/11,1954/12/20,5.5
1954/12/21,1954/12/31,4.6
1955/1/1,1955/1/10,2.5
1955/1/11,1955/1/20,2.3
1955/1/21,1955/1/31,4.6
1955/2/1,1955/2/10,5.6
1955/2/11,1955/2/20,4.1
1955/2/21,1955/2/28,7.6
1955/3/1,1955/3/10,7.1
1955/3/11,1955/3/20,9.9
1955/3/21,1955/3/31,9.9
1955/12/1,1955/12/10,6.8
1955/12/11,1955/12/20,7.2
1955/12/21,1955/12/31,6.4
1956/1/1,1956/1/10,4.1
1956/1/11,1956/1/20,3.5
1956/1/21,1956/1/31,3.4
1956/2/1,1956/2/10,3.6
1956/2/11,1956/2/20,3.0
1956/2/21,1956/2/29,3.5
1956/3/1,1956/3/10,4.6
1956/3/11,1956/3/20,8.9
1956/3/21,1956/3/31,11.1
1956/12/1,1956/12/10,5.6
1956/12/11,1956/12/20,4.5
1956/12/21,1956/12/31,3.0
1957/1/1,1957/1/10,4.5
1957/1/11,1957/1/20,4.0
1957/1/21,1957/1/31,4.5
1957/2/1,1957/2/10,5.4
1957/2/11,1957/2/20,2.4
1957/2/21,1957/2/28,2.8
1957/3/1,1957/3/10,4.9
1957/3/11,1957/3/20,4.8
1957/3/21,1957/3/31,5.8
1957/12/1,1957/12/10,8.1
1957/12/11,1957/12/20,7.8
1957/12/21,1957/12/31,5.1
1958/1/1,1958/1/10,4.1
1958/1/11,1958/1/20,4.9
1958/1/21,1958/1/31,3.0
1958/2/1,1958/2/10,5.4
1958/2/11,1958/2/20,3.8
1958/2/21,1958/2/28,6.9
1958/3/1,1958/3/10,3.7
1958/3/11,1958/3/20,9.8
1958/3/21,1958/3/31,9.0
1958/12/1,1958/12/10,7.5
1958/12/11,1958/12/20,6.8
1958/12/21,1958/12/31,7.0
1959/1/1,1959/1/10,2.9
1959/1/11,1959/1/20,1.5
1959/1/21,1959/1/31,5.5
1959/2/1,1959/2/10,7.1
1959/2/11,1959/2/20,8.7
1959/2/21,1959/2/28,6.4
1959/3/1,1959/3/10,9.4
1959/3/11,1959/3/20,6.5
1959/3/21,1959/3/31,10.8
1959/12/1,1959/12/10,8.8
1959/12/11,1959/12/20,7.3
1959/12/21,1959/12/31,4.4
1960/1/1,1960/1/10,5.7
1960/1/11,1960/1/20,4.2
1960/1/21,1960/1/31,2.0
1960/2/1,1960/2/10,5.8
1960/2/11,1960/2/20,3.8
1960/2/21,1960/2/29,6.8
1960/3/1,1960/3/10,9.1
1960/3/11,1960/3/20,7.5
1960/3/21,1960/3/31,10.0
1960/12/1,1960/12/10,6.9
1960/12/11,1960/12/20,6.9
1960/12/21,1960/12/31,3.8
1961/1/1,1961/1/10,2.9
1961/1/11,1961/1/20,1.7
1961/1/21,1961/1/31,3.1
1961/2/1,1961/2/10,3.4
1961/2/11,1961/2/20,2.8
1961/2/21,1961/2/28,3.9
1961/3/1,1961/3/10,7.1
1961/3/11,1961/3/20,8.6
1961/3/21,1961/3/31,8.4
1961/12/1,1961/12/10,8.1
1961/12/11,1961/12/20,7.8
1961/12/21,1961/12/31,4.1
1962/1/1,1962/1/10,4.3
1962/1/11,1962/1/20,3.6
1962/1/21,1962/1/31,1.8
1962/2/1,1962/2/10,4.5
1962/2/11,1962/2/20,4.5
1962/2/21,1962/2/28,5.6
1962/3/1,1962/3/10,6.1
1962/3/11,1962/3/20,8.6
1962/3/21,1962/3/31,7.3
1962/12/1,1962/12/10,6.6
1962/12/11,1962/12/20,6.5
1962/12/21,1962/12/31,6.8
1963/1/1,1963/1/10,2.2
1963/1/11,1963/1/20,1.2
1963/1/21,1963/1/31,-0.1
1963/2/1,1963/2/10,1.7
1963/2/11,1963/2/20,2.3
1963/2/21,1963/2/28,3.2
1963/3/1,1963/3/10,3.9
1963/3/11,1963/3/20,7.4
1963/3/21,1963/3/31,9.6
1963/12/1,1963/12/10,7.7
1963/12/11,1963/12/20,6.3
1963/12/21,1963/12/31,6.2
1964/1/1,1964/1/10,5.0
1964/1/11,1964/1/20,6.5
1964/1/21,1964/1/31,5.0
1964/2/1,1964/2/10,4.0
1964/2/11,1964/2/20,2.9
1964/2/21,1964/2/29,2.8
1964/3/1,1964/3/10,6.2
1964/3/11,1964/3/20,5.9
1964/3/21,1964/3/31,7.6
1964/12/1,1964/12/10,5.6
1964/12/11,1964/12/20,4.8
1964/12/21,1964/12/31,8.1
1965/1/1,1965/1/10,3.6
1965/1/11,1965/1/20,2.7
1965/1/21,1965/1/31,3.8
1965/2/1,1965/2/10,3.4
1965/2/11,1965/2/20,4.8
1965/2/21,1965/2/28,3.2
1965/3/1,1965/3/10,3.0
1965/3/11,1965/3/20,6.2
1965/3/21,1965/3/31,7.1
1965/12/1,1965/12/10,6.8
1965/12/11,1965/12/20,5.4
1965/12/21,1965/12/31,5.4
1966/1/1,1966/1/10,3.9
1966/1/11,1966/1/20,4.1
1966/1/21,1966/1/31,2.2
1966/2/1,1966/2/10,4.5
1966/2/11,1966/2/20,5.3
1966/2/21,1966/2/28,7.8
1966/3/1,1966/3/10,9.2
1966/3/11,1966/3/20,9.2
1966/3/21,1966/3/31,7.2
1966/12/1,1966/12/10,4.9
1966/12/11,1966/12/20,4.9
1966/12/21,1966/12/31,4.3
1967/1/1,1967/1/10,2.8
1967/1/11,1967/1/20,1.9
1967/1/21,1967/1/31,4.8
1967/2/1,1967/2/10,4.5
1967/2/11,1967/2/20,2.0
1967/2/21,1967/2/28,6.4
1967/3/1,1967/3/10,5.9
1967/3/11,1967/3/20,7.3
1967/3/21,1967/3/31,9.8
1967/12/1,1967/12/10,5.7
1967/12/11,1967/12/20,5.3
1967/12/21,1967/12/31,2.9
1968/1/1,1968/1/10,3.6
1968/1/11,1968/1/20,3.5
1968/1/21,1968/1/31,3.0
1968/2/1,1968/2/10,1.6
1968/2/11,1968/2/20,2.4
1968/2/21,1968/2/29,2.9
1968/3/1,1968/3/10,5.6
1968/3/11,1968/3/20,7.2
1968/3/21,1968/3/31,11.0
1968/12/1,1968/12/10,12.5
1968/12/11,1968/12/20,8.8
1968/12/21,1968/12/31,6.1
1969/1/1,1969/1/10,2.4
1969/1/11,1969/1/20,4.0
1969/1/21,1969/1/31,7.7
1969/2/1,1969/2/10,4.0
1969/2/11,1969/2/20,7.6
1969/2/21,1969/2/28,2.8
1969/3/1,1969/3/10,4.2
1969/3/11,1969/3/20,5.4
1969/3/21,1969/3/31,10.7
1969/12/1,1969/12/10,8.0
1969/12/11,1969/12/20,4.8
1969/12/21,1969/12/31,4.4
1970/1/1,1970/1/10,4.1
1970/1/11,1970/1/20,2.3
1970/1/21,1970/1/31,4.2
1970/2/1,1970/2/10,2.7
1970/2/11,1970/2/20,6.5
1970/2/21,1970/2/28,6.2
1970/3/1,1970/3/10,3.8
1970/3/11,1970/3/20,4.0
1970/3/21,1970/3/31,7.0
1970/12/1,1970/12/10,6.0
1970/12/11,1970/12/20,7.1
1970/12/21,1970/12/31,5.5
1971/1/1,1971/1/10,3.7
1971/1/11,1971/1/20,5.8
1971/1/21,1971/1/31,3.6
1971/2/1,1971/2/10,2.0
1971/2/11,1971/2/20,6.0
1971/2/21,1971/2/28,7.8
1971/3/1,1971/3/10,4.3
1971/3/11,1971/3/20,6.3
1971/3/21,1971/3/31,11.1
1971/12/1,1971/12/10,7.4
1971/12/11,1971/12/20,7.7
1971/12/21,1971/12/31,7.1
1972/1/1,1972/1/10,6.3
1972/1/11,1972/1/20,7.3
1972/1/21,1972/1/31,7.5
1972/2/1,1972/2/10,6.3
1972/2/11,1972/2/20,6.8
1972/2/21,1972/2/29,4.2
1972/3/1,1972/3/10,5.3
1972/3/11,1972/3/20,9.3
1972/3/21,1972/3/31,11.6
1972/12/1,1972/12/10,8.5
1972/12/11,1972/12/20,6.1
1972/12/21,1972/12/31,8.3
1973/1/1,1973/1/10,6.1
1973/1/11,1973/1/20,5.7
1973/1/21,1973/1/31,6.7
1973/2/1,1973/2/10,5.7
1973/2/11,1973/2/20,8.6
1973/2/21,1973/2/28,6.5
1973/3/1,1973/3/10,5.3
1973/3/11,1973/3/20,7.0
1973/3/21,1973/3/31,10.7
1973/12/1,1973/12/10,4.8
1973/12/11,1973/12/20,4.7
1973/12/21,1973/12/31,3.3
1974/1/1,1974/1/10,4.4
1974/1/11,1974/1/20,3.0
1974/1/21,1974/1/31,2.2
1974/2/1,1974/2/10,2.9
1974/2/11,1974/2/20,5.3
1974/2/21,1974/2/28,4.4
1974/3/1,1974/3/10,8.9
1974/3/11,1974/3/20,4.9
1974/3/21,1974/3/31,7.2
1974/12/1,1974/12/10,7.7
1974/12/11,1974/12/20,6.5
1974/12/21,1974/12/31,5.8
1975/1/1,1975/1/10,4.8
1975/1/11,1975/1/20,2.6
1975/1/21,1975/1/31,4.5
1975/2/1,1975/2/10,5.9
1975/2/11,1975/2/20,2.7
1975/2/21,1975/2/28,2.4
1975/3/1,1975/3/10,6.4
1975/3/11,1975/3/20,8.0
1975/3/21,1975/3/31,7.8
1975/12/1,1975/12/10,9.7
1975/12/11,1975/12/20,4.8
1975/12/21,1975/12/31,4.7
1976/1/1,1976/1/10,5.4
1976/1/11,1976/1/20,3.2
1976/1/21,1976/1/31,2.7
1976/2/1,1976/2/10,5.0
1976/2/11,1976/2/20,7.5
1976/2/21,1976/2/29,7.7
1976/3/1,1976/3/10,7.0
1976/3/11,1976/3/20,9.2
1976/3/21,1976/3/31,7.5
1976/12/1,1976/12/10,7.4
1976/12/11,1976/12/20,6.8
1976/12/21,1976/12/31,4.0
1977/1/1,1977/1/10,2.3
1977/1/11,1977/1/20,2.7
1977/1/21,1977/1/31,2.6
1977/2/1,1977/2/10,1.0
1977/2/11,1977/2/20,1.9
1977/2/21,1977/2/28,6.7
1977/3/1,1977/3/10,6.1
1977/3/11,1977/3/20,10.0
1977/3/21,1977/3/31,9.9
1977/12/1,1977/12/10,8.2
1977/12/11,1977/12/20,9.5
1977/12/21,1977/12/31,6.6
1978/1/1,1978/1/10,5.5
1978/1/11,1978/1/20,5.4
1978/1/21,1978/1/31,3.4
1978/2/1,1978/2/10,3.8
1978/2/11,1978/2/20,2.6
1978/2/21,1978/2/28,4.1
1978/3/1,1978/3/10,7.6
1978/3/11,1978/3/20,6.0
1978/3/21,1978/3/31,9.1
1978/12/1,1978/12/10,8.6
1978/12/11,1978/12/20,8.6
1978/12/21,1978/12/31,5.4
1979/1/1,1979/1/10,6.7
1979/1/11,1979/1/20,3.9
1979/1/21,1979/1/31,6.4
1979/2/1,1979/2/10,5.4
1979/2/11,1979/2/20,7.7
1979/2/21,1979/2/28,9.7
1979/3/1,1979/3/10,5.8
1979/3/11,1979/3/20,7.0
1979/3/21,1979/3/31,10.8
1979/12/1,1979/12/10,9.6
1979/12/11,1979/12/20,7.4
1979/12/21,1979/12/31,6.1
1980/1/1,1980/1/10,5.2
1980/1/11,1980/1/20,2.8
1980/1/21,1980/1/31,4.7
1980/2/1,1980/2/10,2.1
1980/2/11,1980/2/20,3.2
1980/2/21,1980/2/29,5.3
1980/3/1,1980/3/10,7.1
1980/3/11,1980/3/20,6.0
1980/3/21,1980/3/31,8.7
1980/12/1,1980/12/10,7.8
1980/12/11,1980/12/20,5.0
1980/12/21,1980/12/31,2.8
1981/1/1,1981/1/10,2.8
1981/1/11,1981/1/20,1.8
1981/1/21,1981/1/31,2.5
1981/2/1,1981/2/10,3.3
1981/2/11,1981/2/20,6.2
1981/2/21,1981/2/28,1.8
1981/3/1,1981/3/10,5.1
1981/3/11,1981/3/20,9.7
1981/3/21,1981/3/31,10.0
1981/12/1,1981/12/10,5.5
1981/12/11,1981/12/20,5.1
1981/12/21,1981/12/31,6.9
1982/1/1,1982/1/10,5.0
1982/1/11,1982/1/20,3.5
1982/1/21,1982/1/31,2.9
1982/2/1,1982/2/10,2.6
1982/2/11,1982/2/20,5.1
1982/2/21,1982/2/28,5.4
1982/3/1,1982/3/10,6.2
1982/3/11,1982/3/20,10.6
1982/3/21,1982/3/31,9.1
1982/12/1,1982/12/10,8.1
1982/12/11,1982/12/20,6.1
1982/12/21,1982/12/31,6.8
1983/1/1,1983/1/10,5.9
1983/1/11,1983/1/20,4.2
1983/1/21,1983/1/31,4.2
1983/2/1,1983/2/10,5.5
1983/2/11,1983/2/20,3.6
1983/2/21,1983/2/28,4.4
1983/3/1,1983/3/10,5.7
1983/3/11,1983/3/20,7.2
1983/3/21,1983/3/31,10.4
1983/12/1,1983/12/10,7.4
1983/12/11,1983/12/20,5.4
1983/12/21,1983/12/31,2.8
1984/1/1,1984/1/10,2.9
1984/1/11,1984/1/20,2.5
1984/1/21,1984/1/31,1.3
1984/2/1,1984/2/10,0.5
1984/2/11,1984/2/20,2.3
1984/2/21,1984/2/29,4.4
1984/3/1,1984/3/10,2.9
1984/3/11,1984/3/20,5.1
1984/3/21,1984/3/31,7.1
1984/12/1,1984/12/10,8.2
1984/12/11,1984/12/20,8.8
1984/12/21,1984/12/31,3.1
1985/1/1,1985/1/10,3.6
1985/1/11,1985/1/20,3.1
1985/1/21,1985/1/31,2.7
1985/2/1,1985/2/10,7.2
1985/2/11,1985/2/20,5.3
1985/2/21,1985/2/28,3.7
1985/3/1,1985/3/10,7.6
1985/3/11,1985/3/20,7.9
1985/3/21,1985/3/31,9.9
1985/12/1,1985/12/10,7.2
1985/12/11,1985/12/20,3.0
1985/12/21,1985/12/31,6.1
1986/1/1,1986/1/10,1.7
1986/1/11,1986/1/20,3.7
1986/1/21,1986/1/31,3.0
1986/2/1,1986/2/10,1.9
1986/2/11,1986/2/20,3.3
1986/2/21,1986/2/28,2.5
1986/3/1,1986/3/10,6.0
1986/3/11,1986/3/20,8.3
1986/3/21,1986/3/31,8.4
1986/12/1,1986/12/10,8.3
1986/12/11,1986/12/20,8.7
1986/12/21,1986/12/31,6.0
1987/1/1,1987/1/10,6.2
1987/1/11,1987/1/20,3.6
1987/1/21,1987/1/31,4.5
1987/2/1,1987/2/10,4.7
1987/2/11,1987/2/20,6.9
1987/2/21,1987/2/28,4.1
1987/3/1,1987/3/10,5.3
1987/3/11,1987/3/20,8.6
1987/3/21,1987/3/31,10.5
1987/12/1,1987/12/10,5.2
1987/12/11,1987/12/20,7.2
1987/12/21,1987/12/31,8.3
1988/1/1,1988/1/10,6.2
1988/1/11,1988/1/20,5.9
1988/1/21,1988/1/31,5.7
1988/2/1,1988/2/10,3.5
1988/2/11,1988/2/20,3.2
1988/2/21,1988/2/29,5.3
1988/3/1,1988/3/10,4.8
1988/3/11,1988/3/20,8.4
1988/3/21,1988/3/31,8.6
1988/12/1,1988/12/10,6.8
1988/12/11,1988/12/20,5.3
1988/12/21,1988/12/31,5.5
1989/1/1,1989/1/10,7.7
1989/1/11,1989/1/20,7.3
1989/1/21,1989/1/31,5.5
1989/2/1,1989/2/10,5.5
1989/2/11,1989/2/20,6.6
1989/2/21,1989/2/28,7.8
1989/3/1,1989/3/10,7.7
1989/3/11,1989/3/20,8.0
1989/3/21,1989/3/31,8.9
1989/12/1,1989/12/10,8.1
1989/12/11,1989/12/20,6.6
1989/12/21,1989/12/31,6.3
1990/1/1,1990/1/10,5.1
1990/1/11,1990/1/20,5.7
1990/1/21,1990/1/31,2.5
1990/2/1,1990/2/10,5.3
1990/2/11,1990/2/20,8.8
1990/2/21,1990/2/28,9.9
1990/3/1,1990/3/10,7.4
1990/3/11,1990/3/20,9.3
1990/3/21,1990/3/31,11.2
1990/12/1,1990/12/10,9.9
1990/12/11,1990/12/20,7.3
1990/12/21,1990/12/31,6.1
1991/1/1,1991/1/10,5.7
1991/1/11,1991/1/20,4.7
1991/1/21,1991/1/31,4.8
1991/2/1,1991/2/10,4.3
1991/2/11,1991/2/20,5.7
1991/2/21,1991/2/28,2.7
1991/3/1,1991/3/10,8.3
1991/3/11,1991/3/20,8.0
1991/3/21,1991/3/31,11.7
1991/12/1,1991/12/10,10.6
1991/12/11,1991/12/20,7.5
1991/12/21,1991/12/31,7.3
1992/1/1,1992/1/10,7.1
1992/1/11,1992/1/20,4.6
1992/1/21,1992/1/31,6.5
1992/2/1,1992/2/10,4.5
1992/2/11,1992/2/20,5.0
1992/2/21,1992/2/29,5.7
1992/3/1,1992/3/10,8.4
1992/3/11,1992/3/20,10.5
1992/3/21,1992/3/31,10.2
1992/12/1,1992/12/10,11.4
1992/12/11,1992/12/20,6.1
1992/12/21,1992/12/31,7.0
1993/1/1,1993/1/10,6.6
1993/1/11,1993/1/20,6.2
1993/1/21,1993/1/31,4.7
1993/2/1,1993/2/10,5.4
1993/2/11,1993/2/20,6.8
1993/2/21,1993/2/28,6.0
1993/3/1,1993/3/10,6.5
1993/3/11,1993/3/20,5.7
1993/3/21,1993/3/31,10.3
1993/12/1,1993/12/10,9.0
1993/12/11,1993/12/20,6.3
1993/12/21,1993/12/31,6.2
1994/1/1,1994/1/10,5.7
1994/1/11,1994/1/20,5.5
1994/1/21,1994/1/31,3.2
1994/2/1,1994/2/10,5.0
1994/2/11,1994/2/20,4.3
1994/2/21,1994/2/28,4.6
1994/3/1,1994/3/10,6.6
1994/3/11,1994/3/20,6.5
1994/3/21,1994/3/31,8.1
1994/12/1,1994/12/10,9.7
1994/12/11,1994/12/20,6.4
1994/12/21,1994/12/31,7.1
1995/1/1,1995/1/10,5.5
1995/1/11,1995/1/20,3.4
1995/1/21,1995/1/31,4.8
1995/2/1,1995/2/10,3.9
1995/2/11,1995/2/20,5.4
1995/2/21,1995/2/28,5.3
1995/3/1,1995/3/10,6.2
1995/3/11,1995/3/20,8.6
1995/3/21,1995/3/31,10.8
1995/12/1,1995/12/10,6.0
1995/12/11,1995/12/20,6.6
1995/12/21,1995/12/31,3.6
1996/1/1,1996/1/10,4.6
1996/1/11,1996/1/20,6.4
1996/1/21,1996/1/31,3.2
1996/2/1,1996/2/10,1.8
1996/2/11,1996/2/20,5.3
1996/2/21,1996/2/29,4.3
1996/3/1,1996/3/10,4.7
1996/3/11,1996/3/20,7.3
1996/3/21,1996/3/31,10.7
1996/12/1,1996/12/10,5.9
1996/12/11,1996/12/20,8.9
1996/12/21,1996/12/31,6.5
1997/1/1,1997/1/10,5.1
1997/1/11,1997/1/20,5.7
1997/1/21,1997/1/31,3.2
1997/2/1,1997/2/10,4.4
1997/2/11,1997/2/20,4.0
1997/2/21,1997/2/28,5.8
1997/3/1,1997/3/10,8.7
1997/3/11,1997/3/20,9.6
1997/3/21,1997/3/31,9.7
1997/12/1,1997/12/10,8.6
1997/12/11,1997/12/20,7.5
1997/12/21,1997/12/31,7.7
1998/1/1,1998/1/10,5.3
1998/1/11,1998/1/20,5.9
1998/1/21,1998/1/31,3.6
1998/2/1,1998/2/10,3.9
1998/2/11,1998/2/20,8.5
1998/2/21,1998/2/28,9.1
1998/3/1,1998/3/10,8.0
1998/3/11,1998/3/20,9.0
1998/3/21,1998/3/31,11.7
1998/12/1,1998/12/10,9.7
1998/12/11,1998/12/20,8.2
1998/12/21,1998/12/31,7.2
1999/1/1,1999/1/10,4.6
1999/1/11,1999/1/20,5.2
1999/1/21,1999/1/31,5.4
1999/2/1,1999/2/10,3.8
1999/2/11,1999/2/20,4.4
1999/2/21,1999/2/28,6.1
1999/3/1,1999/3/10,9.2
1999/3/11,1999/3/20,11.4
1999/3/21,1999/3/31,9.2
1999/12/1,1999/12/10,8.9
1999/12/11,1999/12/20,6.8
1999/12/21,1999/12/31,5.3
2000/1/1,2000/1/10,7.9
2000/1/11,2000/1/20,7.0
2000/1/21,2000/1/31,3.3
2000/2/1,2000/2/10,4.0
2000/2/11,2000/2/20,4.0
2000/2/21,2000/2/29,2.7
2000/3/1,2000/3/10,6.5
2000/3/11,2000/3/20,6.8
2000/3/21,2000/3/31,9.0
2000/12/1,2000/12/10,8.4
2000/12/11,2000/12/20,7.7
2000/12/21,2000/12/31,5.6
2001/1/1,2001/1/10,4.9
2001/1/11,2001/1/20,2.1
2001/1/21,2001/1/31,4.6
2001/2/1,2001/2/10,4.6
2001/2/11,2001/2/20,4.4
2001/2/21,2001/2/28,7.3
2001/3/1,2001/3/10,5.8
2001/3/11,2001/3/20,8.3
2001/3/21,2001/3/31,11.3
2001/12/1,2001/12/10,8.6
2001/12/11,2001/12/20,6.1
2001/12/21,2001/12/31,5.1
2002/1/1,2002/1/10,4.2
2002/1/11,2002/1/20,8.2
2002/1/21,2002/1/31,5.0
2002/2/1,2002/2/10,5.7
2002/2/11,2002/2/20,4.2
2002/2/21,2002/2/28,8.9
2002/3/1,2002/3/10,7.8
2002/3/11,2002/3/20,11.8
2002/3/21,2002/3/31,11.2
2002/12/1,2002/12/10,9.3
2002/12/11,2002/12/20,6.1
2002/12/21,2002/12/31,5.6
2003/1/1,2003/1/10,3.2
2003/1/11,2003/1/20,4.6
2003/1/21,2003/1/31,3.8
2003/2/1,2003/2/10,5.1
2003/2/11,2003/2/20,5.6
2003/2/21,2003/2/28,5.8
2003/3/1,2003/3/10,5.5
2003/3/11,2003/3/20,6.1
2003/3/21,2003/3/31,10.2
2003/12/1,2003/12/10,9.9
2003/12/11,2003/12/20,6.0
2003/12/21,2003/12/31,5.9
2004/1/1,2004/1/10,5.7
2004/1/11,2004/1/20,4.3
2004/1/21,2004/1/31,3.1
2004/2/1,2004/2/10,4.4
2004/2/11,2004/2/20,6.5
2004/2/21,2004/2/29,8.7
2004/3/1,2004/3/10,5.7
2004/3/11,2004/3/20,10.5
2004/3/21,2004/3/31,10.9
2004/12/1,2004/12/10,10.8
2004/12/11,2004/12/20,9.5
2004/12/21,2004/12/31,5.9
2005/1/1,2005/1/10,4.1
2005/1/11,2005/1/20,4.6
2005/1/21,2005/1/31,4.9
2005/2/1,2005/2/10,4.2
2005/2/11,2005/2/20,5.8
2005/2/21,2005/2/28,4.5
2005/3/1,2005/3/10,6.7
2005/3/11,2005/3/20,7.1
2005/3/21,2005/3/31,9.2
2005/12/1,2005/12/10,5.9
2005/12/11,2005/12/20,3.0
2005/12/21,2005/12/31,2.9
2006/1/1,2006/1/10,2.8
2006/1/11,2006/1/20,5.5
2006/1/21,2006/1/31,3.8
2006/2/1,2006/2/10,3.5
2006/2/11,2006/2/20,5.8
2006/2/21,2006/2/28,7.6
2006/3/1,2006/3/10,7.6
2006/3/11,2006/3/20,6.7
2006/3/21,2006/3/31,8.2
2006/12/1,2006/12/10,7.9
2006/12/11,2006/12/20,7.6
2006/12/21,2006/12/31,7.3
2007/1/1,2007/1/10,5.7
2007/1/11,2007/1/20,5.6
2007/1/21,2007/1/31,6.1
2007/2/1,2007/2/10,6.8
2007/2/11,2007/2/20,7.1
2007/2/21,2007/2/28,8.2
2007/3/1,2007/3/10,8.8
2007/3/11,2007/3/20,5.2
2007/3/21,2007/3/31,11.5
2007/12/1,2007/12/10,7.9
2007/12/11,2007/12/20,7.5
2007/12/21,2007/12/31,7.8
2008/1/1,2008/1/10,5.9
2008/1/11,2008/1/20,4.5
2008/1/21,2008/1/31,3.7
2008/2/1,2008/2/10,3.3
2008/2/11,2008/2/20,3.3
2008/2/21,2008/2/29,4.2
2008/3/1,2008/3/10,6.2
2008/3/11,2008/3/20,11.6
2008/3/21,2008/3/31,10.8
2008/12/1,2008/12/10,8.2
2008/12/11,2008/12/20,8.6
2008/12/21,2008/12/31,6.2
2009/1/1,2009/1/10,5.2
2009/1/11,2009/1/20,3.9
2009/1/21,2009/1/31,6.4
2009/2/1,2009/2/10,5.6
2009/2/11,2009/2/20,7.2
2009/2/21,2009/2/28,7.5
2009/3/1,2009/3/10,8.2
2009/3/11,2009/3/20,9.9
2009/3/21,2009/3/31,8.3
2009/12/1,2009/12/10,9.3
2009/12/11,2009/12/20,6.7
2009/12/21,2009/12/31,5.8
2010/1/1,2010/1/10,4.4
2010/1/11,2010/1/20,4.2
2010/1/21,2010/1/31,5.5
2010/2/1,2010/2/10,5.2
2010/2/11,2010/2/20,4.7
2010/2/21,2010/2/28,11.3
2010/3/1,2010/3/10,8.5
2010/3/11,2010/3/20,9.9
2010/3/21,2010/3/31,7.3
2010/12/1,2010/12/10,9.8
2010/12/11,2010/12/20,7.4
2010/12/21,2010/12/31,5.5
2011/1/1,2011/1/10,3.2
2011/1/11,2011/1/20,2.6
2011/1/21,2011/1/31,2.7
2011/2/1,2011/2/10,5.6
2011/2/11,2011/2/20,4.3
2011/2/21,2011/2/28,9.8
2011/3/1,2011/3/10,5.1
2011/3/11,2011/3/20,7.9
2011/3/21,2011/3/31,7.3
2011/12/1,2011/12/10,9.5
2011/12/11,2011/12/20,6.2
2011/12/21,2011/12/31,4.2
2012/1/1,2012/1/10,4.3
2012/1/11,2012/1/20,4.8
2012/1/21,2012/1/31,3.4
2012/2/1,2012/2/10,3.3
2012/2/11,2012/2/20,3.2
2012/2/21,2012/2/29,6.0
2012/3/1,2012/3/10,9.2
2012/3/11,2012/3/20,6.7
2012/3/21,2012/3/31,8.8
2012/12/1,2012/12/10,5.1
2012/12/11,2012/12/20,6.2
2012/12/21,2012/12/31,5.0
2013/1/1,2013/1/10,3.2
2013/1/11,2013/1/20,4.0
2013/1/21,2013/1/31,4.4
2013/2/1,2013/2/10,5.6
2013/2/11,2013/2/20,3.5
2013/2/21,2013/2/28,4.4
2013/3/1,2013/3/10,8.6
2013/3/11,2013/3/20,10.3
2013/3/21,2013/3/31,10.1
2013/12/1,2013/12/10,8.5
2013/12/11,2013/12/20,5.8
2013/12/21,2013/12/31,4.7
2014/1/1,2014/1/10,4.7
2014/1/11,2014/1/20,3.3
2014/1/21,2014/1/31,5.3
2014/2/1,2014/2/10,5.1
2014/2/11,2014/2/20,3.6
2014/2/21,2014/2/28,6.9
2014/3/1,2014/3/10,5.6
2014/3/11,2014/3/20,9.2
2014/3/21,2014/3/31,11.9
2014/12/1,2014/12/10,6.5
2014/12/11,2014/12/20,4.6
2014/12/21,2014/12/31,5.6
2015/1/1,2015/1/10,3.8
2015/1/11,2015/1/20,5.1
2015/1/21,2015/1/31,5.7
2015/2/1,2015/2/10,3.8
2015/2/11,2015/2/20,5.1
2015/2/21,2015/2/28,8.5
2015/3/1,2015/3/10,7.2
2015/3/11,2015/3/20,10.1
2015/3/21,2015/3/31,10.8
2015/12/1,2015/12/10,9.9
2015/12/11,2015/12/20,9.7
2015/12/21,2015/12/31,7.5
2016/1/1,2016/1/10,7.6
2016/1/11,2016/1/20,5.0
2016/1/21,2016/1/31,4.5
2016/2/1,2016/2/10,4.9
2016/2/11,2016/2/20,7.9
2016/2/21,2016/2/29,6.4
2016/3/1,2016/3/10,10.4
2016/3/11,2016/3/20,9.2
2016/3/21,2016/3/31,10.2
2016/12/1,2016/12/10,9.9
2016/12/11,2016/12/20,6.9
2016/12/21,2016/12/31,7.7
2017/1/1,2017/1/10,6.9
2017/1/11,2017/1/20,3.5
2017/1/21,2017/1/31,4.1
2017/2/1,2017/2/10,4.6
2017/2/11,2017/2/20,5.1
2017/2/21,2017/2/28,5.7
2017/3/1,2017/3/10,7.2
2017/3/11,2017/3/20,8.1
2017/3/21,2017/3/31,9.1
2017/12/1,2017/12/10,6.6
2017/12/11,2017/12/20,4.7
2017/12/21,2017/12/31,5.4
2018/1/1,2018/1/10,4.7
2018/1/11,2018/1/20,5.0
2018/1/21,2018/1/31,2.2
2018/2/1,2018/2/10,2.5
2018/2/11,2018/2/20,4.3
2018/2/21,2018/2/28,7.0
2018/3/1,2018/3/10,9.4
2018/3/11,2018/3/20,11.0
2018/3/21,2018/3/31,12.3
2018/12/1,2018/12/10,11.1
2018/12/11,2018/12/20,7.1
2018/12/21,2018/12/31,6.6
2019/1/1,2019/1/10,5.0
2019/1/11,2019/1/20,5.6
2019/1/21,2019/1/31,4.7
2019/2/1,2019/2/10,6.4
2019/2/11,2019/2/20,6.0
2019/2/21,2019/2/28,8.8
2019/3/1,2019/3/10,9.1
2019/3/11,2019/3/20,8.7
2019/3/21,2019/3/31,10.9
2019/12/1,2019/12/10,8.0
2019/12/11,2019/12/20,9.1
2019/12/21,2019/12/31,7.9
2020/1/1,2020/1/10,7.1
2020/1/11,2020/1/20,6.8
2020/1/21,2020/1/31,8.6
2020/2/1,2020/2/10,4.7
2020/2/11,2020/2/20,8.5
2020/2/21,2020/2/29,7.6
2020/3/1,2020/3/10,9.9
2020/3/11,2020/3/20,9.9
2020/3/21,2020/3/31,11.9
2020/12/1,2020/12/10,9.4
2020/12/11,2020/12/20,6.3
2020/12/21,2020/12/31,6.0
2021/1/1,2021/1/10,2.9
2021/1/11,2021/1/20,4.7
2021/1/21,2021/1/31,7.5
2021/2/1,2021/2/10,6.5
2021/2/11,2021/2/20,8.2
2021/2/21,2021/2/28,8.7
2021/3/1,2021/3/10,9.7
2021/3/11,2021/3/20,11.3
2021/3/21,2021/3/31,13.5