year,estimated,observed,urban.bias
816,NA,NA,NA
817,NA,NA,NA
818,NA,NA,NA
819,NA,NA,NA
820,NA,NA,NA
821,NA,NA,NA
822,NA,NA,NA
823,NA,NA,NA
824,NA,NA,NA
825,NA,NA,NA
826,NA,NA,NA
827,NA,NA,NA
828,NA,NA,NA
829,NA,NA,NA
830,NA,NA,NA
831,NA,NA,NA
832,NA,NA,NA
833,NA,NA,NA
834,NA,NA,NA
835,NA,NA,NA
836,NA,NA,NA
837,NA,NA,NA
838,NA,NA,NA
839,NA,NA,NA
840,NA,NA,NA
841,NA,NA,NA
842,NA,NA,NA
843,NA,NA,NA
844,NA,NA,NA
845,NA,NA,NA
846,NA,NA,NA
847,NA,NA,NA
848,NA,NA,NA
849,NA,NA,NA
850,NA,NA,NA
851,NA,NA,NA
852,NA,NA,NA
853,NA,NA,NA
854,5.87,NA,5.87
855,5.99,NA,5.99
856,6.12,NA,6.12
857,6.25,NA,6.25
858,6.37,NA,6.37
859,6.5,NA,6.5
860,6.62,NA,6.62
861,6.75,NA,6.75
862,6.88,NA,6.88
863,7,NA,7
864,7.13,NA,7.13
865,7.25,NA,7.25
866,7.38,NA,7.38
867,NA,NA,NA
868,NA,NA,NA
869,NA,NA,NA
870,NA,NA,NA
871,NA,NA,NA
872,NA,NA,NA
873,NA,NA,NA
874,NA,NA,NA
875,NA,NA,NA
876,6.63,NA,6.63
877,6.51,NA,6.51
878,6.44,NA,6.44
879,6.42,NA,6.42
880,6.44,NA,6.44
881,6.44,NA,6.44
882,NA,NA,NA
883,NA,NA,NA
884,NA,NA,NA
885,NA,NA,NA
886,NA,NA,NA
887,NA,NA,NA
888,NA,NA,NA
889,NA,NA,NA
890,NA,NA,NA
891,5.6,NA,5.6
892,5.71,NA,5.71
893,5.82,NA,5.82
894,5.95,NA,5.95
895,6.08,NA,6.08
896,6.22,NA,6.22
897,6.4,NA,6.4
898,6.23,NA,6.23
899,6.3,NA,6.3
900,6.36,NA,6.36
901,6.43,NA,6.43
902,6.65,NA,6.65
903,6.74,NA,6.74
904,6.83,NA,6.83
905,6.88,NA,6.88
906,6.98,NA,6.98
907,7.11,NA,7.11
908,6.93,NA,6.93
909,6.98,NA,6.98
910,7.08,NA,7.08
911,7.2,NA,7.2
912,7.35,NA,7.35
913,7.36,NA,7.36
914,7.37,NA,7.37
915,7.45,NA,7.45
916,7.48,NA,7.48
917,7.5,NA,7.5
918,7.4,NA,7.4
919,7.37,NA,7.37
920,7.34,NA,7.34
921,7.32,NA,7.32
922,7.29,NA,7.29
923,7.26,NA,7.26
924,7.21,NA,7.21
925,7.19,NA,7.19
926,6.85,NA,6.85
927,6.78,NA,6.78
928,6.61,NA,6.61
929,6.92,NA,6.92
930,6.77,NA,6.77
931,6.63,NA,6.63
932,6.48,NA,6.48
933,6.33,NA,6.33
934,6.4,NA,6.4
935,6.8,NA,6.8
936,6.79,NA,6.79
937,6.77,NA,6.77
938,6.76,NA,6.76
939,6.84,NA,6.84
940,7.4,NA,7.4
941,7.45,NA,7.45
942,6.82,NA,6.82
943,6.68,NA,6.68
944,6.78,NA,6.78
945,6.81,NA,6.81
946,6.47,NA,6.47
947,6.58,NA,6.58
948,6.72,NA,6.72
949,6.49,NA,6.49
950,6.71,NA,6.71
951,6.83,NA,6.83
952,6.94,NA,6.94
953,7.02,NA,7.02
954,7.1,NA,7.1
955,7.17,NA,7.17
956,7.25,NA,7.25
957,7.56,NA,7.56
958,7.54,NA,7.54
959,7.47,NA,7.47
960,7.43,NA,7.43
961,7.39,NA,7.39
962,7.23,NA,7.23
963,7.16,NA,7.16
964,7.1,NA,7.1
965,7.2,NA,7.2
966,7.08,NA,7.08
967,6.97,NA,6.97
968,6.85,NA,6.85
969,6.74,NA,6.74
970,7.07,NA,7.07
971,6.94,NA,6.94
972,6.93,NA,6.93
973,6.96,NA,6.96
974,7.14,NA,7.14
975,7.07,NA,7.07
976,7.06,NA,7.06
977,6.84,NA,6.84
978,6.82,NA,6.82
979,6.73,NA,6.73
980,6.74,NA,6.74
981,6.76,NA,6.76
982,6.75,NA,6.75
983,6.79,NA,6.79
984,6.84,NA,6.84
985,6.48,NA,6.48
986,6.52,NA,6.52
987,6.57,NA,6.57
988,6.64,NA,6.64
989,5.91,NA,5.91
990,5.98,NA,5.98
991,6.2,NA,6.2
992,6.16,NA,6.16
993,6.57,NA,6.57
994,6.48,NA,6.48
995,6.74,NA,6.74
996,6.6,NA,6.6
997,6.46,NA,6.46
998,6.32,NA,6.32
999,6.08,NA,6.08
1000,5.92,NA,5.92
1001,5.64,NA,5.64
1002,5.79,NA,5.79
1003,5.67,NA,5.67
1004,5.8,NA,5.8
1005,5.53,NA,5.53
1006,5.53,NA,5.53
1007,5.29,NA,5.29
1008,5.32,NA,5.32
1009,5.35,NA,5.35
1010,5.38,NA,5.38
1011,5.42,NA,5.42
1012,5.45,NA,5.45
1013,5.48,NA,5.48
1014,5.14,NA,5.14
1015,5.1,NA,5.1
1016,5.41,NA,5.41
1017,5.3,NA,5.3
1018,5.41,NA,5.41
1019,5.62,NA,5.62
1020,5.89,NA,5.89
1021,5.92,NA,5.92
1022,5.73,NA,5.73
1023,5.66,NA,5.66
1024,5.74,NA,5.74
1025,5.82,NA,5.82
1026,5.87,NA,5.87
1027,5.94,NA,5.94
1028,6.02,NA,6.02
1029,6.09,NA,6.09
1030,6.26,NA,6.26
1031,6.26,NA,6.26
1032,6.39,NA,6.39
1033,6.04,NA,6.04
1034,6.32,NA,6.32
1035,6.11,NA,6.11
1036,6.1,NA,6.1
1037,6.08,NA,6.08
1038,6.07,NA,6.07
1039,6.06,NA,6.06
1040,6.04,NA,6.04
1041,6.03,NA,6.03
1042,6.02,NA,6.02
1043,6.01,NA,6.01
1044,5.99,NA,5.99
1045,6.01,NA,6.01
1046,6.63,NA,6.63
1047,6.53,NA,6.53
1048,6.68,NA,6.68
1049,6.67,NA,6.67
1050,6.45,NA,6.45
1051,6.34,NA,6.34
1052,6.29,NA,6.29
1053,6.34,NA,6.34
1054,6.38,NA,6.38
1055,6.43,NA,6.43
1056,6.01,NA,6.01
1057,5.95,NA,5.95
1058,6.02,NA,6.02
1059,6.02,NA,6.02
1060,6.03,NA,6.03
1061,6.03,NA,6.03
1062,5.96,NA,5.96
1063,5.98,NA,5.98
1064,6.22,NA,6.22
1065,6.36,NA,6.36
1066,6.53,NA,6.53
1067,6.48,NA,6.48
1068,6.65,NA,6.65
1069,6.35,NA,6.35
1070,6.28,NA,6.28
1071,6.21,NA,6.21
1072,6.14,NA,6.14
1073,6.19,NA,6.19
1074,6.14,NA,6.14
1075,6.15,NA,6.15
1076,6.33,NA,6.33
1077,5.73,NA,5.73
1078,5.75,NA,5.75
1079,5.77,NA,5.77
1080,5.87,NA,5.87
1081,6.04,NA,6.04
1082,5.93,NA,5.93
1083,6.02,NA,6.02
1084,6.07,NA,6.07
1085,6.15,NA,6.15
1086,6.23,NA,6.23
1087,6.45,NA,6.45
1088,6.49,NA,6.49
1089,6.37,NA,6.37
1090,6.31,NA,6.31
1091,6.28,NA,6.28
1092,6.26,NA,6.26
1093,6.24,NA,6.24
1094,6.21,NA,6.21
1095,6.19,NA,6.19
1096,6.02,NA,6.02
1097,6.03,NA,6.03
1098,5.99,NA,5.99
1099,5.9,NA,5.9
1100,6.25,NA,6.25
1101,6.2,NA,6.2
1102,6.12,NA,6.12
1103,6.16,NA,6.16
1104,6.16,NA,6.16
1105,6.16,NA,6.16
1106,6.18,NA,6.18
1107,6.13,NA,6.13
1108,5.99,NA,5.99
1109,6.17,NA,6.17
1110,6.06,NA,6.06
1111,5.97,NA,5.97
1112,5.77,NA,5.77
1113,5.7,NA,5.7
1114,5.59,NA,5.59
1115,5.54,NA,5.54
1116,5.58,NA,5.58
1117,5.6,NA,5.6
1118,5.54,NA,5.54
1119,5.56,NA,5.56
1120,5.58,NA,5.58
1121,5.74,NA,5.74
1122,5.74,NA,5.74
1123,5.72,NA,5.72
1124,5.61,NA,5.61
1125,5.66,NA,5.66
1126,5.58,NA,5.58
1127,5.67,NA,5.67
1128,5.61,NA,5.61
1129,5.56,NA,5.56
1130,5.48,NA,5.48
1131,5.45,NA,5.45
1132,5.42,NA,5.42
1133,5.42,NA,5.42
1134,5.35,NA,5.35
1135,5.32,NA,5.32
1136,5.28,NA,5.28
1137,5.25,NA,5.25
1138,5.23,NA,5.23
1139,5.67,NA,5.67
1140,5.61,NA,5.61
1141,6.11,NA,6.11
1142,6.18,NA,6.18
1143,6.25,NA,6.25
1144,6.26,NA,6.26
1145,6.3,NA,6.3
1146,5.97,NA,5.97
1147,5.87,NA,5.87
1148,5.73,NA,5.73
1149,5.84,NA,5.84
1150,5.77,NA,5.77
1151,5.93,NA,5.93
1152,5.87,NA,5.87
1153,5.92,NA,5.92
1154,5.83,NA,5.83
1155,5.89,NA,5.89
1156,5.82,NA,5.82
1157,6.04,NA,6.04
1158,5.92,NA,5.92
1159,6.14,NA,6.14
1160,6.02,NA,6.02
1161,6.27,NA,6.27
1162,6.11,NA,6.11
1163,5.95,NA,5.95
1164,5.88,NA,5.88
1165,5.88,NA,5.88
1166,5.8,NA,5.8
1167,5.95,NA,5.95
1168,5.95,NA,5.95
1169,5.82,NA,5.82
1170,5.59,NA,5.59
1171,5.52,NA,5.52
1172,5.29,NA,5.29
1173,5.29,NA,5.29
1174,5.28,NA,5.28
1175,5.17,NA,5.17
1176,5.19,NA,5.19
1177,5.24,NA,5.24
1178,5.23,NA,5.23
1179,5.1,NA,5.1
1180,5,NA,5
1181,4.96,NA,4.96
1182,4.83,NA,4.83
1183,4.85,NA,4.85
1184,4.86,NA,4.86
1185,4.98,NA,4.98
1186,5.26,NA,5.26
1187,5.28,NA,5.28
1188,5.24,NA,5.24
1189,5.3,NA,5.3
1190,5.39,NA,5.39
1191,5.48,NA,5.48
1192,5.61,NA,5.61
1193,5.61,NA,5.61
1194,5.61,NA,5.61
1195,5.48,NA,5.48
1196,5.36,NA,5.36
1197,5.52,NA,5.52
1198,5.44,NA,5.44
1199,5.38,NA,5.38
1200,5.46,NA,5.46
1201,5.65,NA,5.65
1202,5.7,NA,5.7
1203,5.66,NA,5.66
1204,5.7,NA,5.7
1205,5.69,NA,5.69
1206,5.84,NA,5.84
1207,5.83,NA,5.83
1208,5.76,NA,5.76
1209,5.79,NA,5.79
1210,6.01,NA,6.01
1211,6,NA,6
1212,5.92,NA,5.92
1213,5.89,NA,5.89
1214,6.01,NA,6.01
1215,6.1,NA,6.1
1216,6.15,NA,6.15
1217,6.18,NA,6.18
1218,6.18,NA,6.18
1219,6.2,NA,6.2
1220,6.2,NA,6.2
1221,6.38,NA,6.38
1222,6.45,NA,6.45
1223,6.47,NA,6.47
1224,6.55,NA,6.55
1225,6.51,NA,6.51
1226,6.63,NA,6.63
1227,6.67,NA,6.67
1228,6.66,NA,6.66
1229,6.55,NA,6.55
1230,6.42,NA,6.42
1231,6.56,NA,6.56
1232,6.47,NA,6.47
1233,6.49,NA,6.49
1234,6.41,NA,6.41
1235,6.19,NA,6.19
1236,6.33,NA,6.33
1237,6.25,NA,6.25
1238,6.24,NA,6.24
1239,6.3,NA,6.3
1240,6.25,NA,6.25
1241,6.23,NA,6.23
1242,6.51,NA,6.51
1243,6.6,NA,6.6
1244,6.74,NA,6.74
1245,6.66,NA,6.66
1246,6.64,NA,6.64
1247,6.76,NA,6.76
1248,6.27,NA,6.27
1249,6.33,NA,6.33
1250,6.41,NA,6.41
1251,6.55,NA,6.55
1252,6.09,NA,6.09
1253,6.12,NA,6.12
1254,6.19,NA,6.19
1255,6.24,NA,6.24
1256,6.29,NA,6.29
1257,6.35,NA,6.35
1258,6.4,NA,6.4
1259,6.46,NA,6.46
1260,6.4,NA,6.4
1261,6.47,NA,6.47
1262,6.4,NA,6.4
1263,6.23,NA,6.23
1264,6.29,NA,6.29
1265,6.38,NA,6.38
1266,6.61,NA,6.61
1267,6.56,NA,6.56
1268,6.55,NA,6.55
1269,6.57,NA,6.57
1270,6.71,NA,6.71
1271,6.57,NA,6.57
1272,6.46,NA,6.46
1273,6.27,NA,6.27
1274,6.21,NA,6.21
1275,6.06,NA,6.06
1276,6.02,NA,6.02
1277,5.98,NA,5.98
1278,5.86,NA,5.86
1279,6.15,NA,6.15
1280,6.19,NA,6.19
1281,6.07,NA,6.07
1282,6.05,NA,6.05
1283,6.04,NA,6.04
1284,6.01,NA,6.01
1285,5.93,NA,5.93
1286,6.14,NA,6.14
1287,6.15,NA,6.15
1288,6.26,NA,6.26
1289,6.36,NA,6.36
1290,6.47,NA,6.47
1291,6.56,NA,6.56
1292,6.46,NA,6.46
1293,6.54,NA,6.54
1294,6.65,NA,6.65
1295,6.69,NA,6.69
1296,6.88,NA,6.88
1297,6.86,NA,6.86
1298,6.96,NA,6.96
1299,6.87,NA,6.87
1300,6.56,NA,6.56
1301,6.52,NA,6.52
1302,6.65,NA,6.65
1303,6.8,NA,6.8
1304,6.72,NA,6.72
1305,6.89,NA,6.89
1306,6.88,NA,6.88
1307,6.81,NA,6.81
1308,6.83,NA,6.83
1309,6.82,NA,6.82
1310,6.87,NA,6.87
1311,7.06,NA,7.06
1312,6.9,NA,6.9
1313,6.74,NA,6.74
1314,6.58,NA,6.58
1315,6.46,NA,6.46
1316,6.31,NA,6.31
1317,6.11,NA,6.11
1318,5.93,NA,5.93
1319,5.79,NA,5.79
1320,5.64,NA,5.64
1321,5.5,NA,5.5
1322,5.35,NA,5.35
1323,5.24,NA,5.24
1324,5.07,NA,5.07
1325,4.9,NA,4.9
1326,4.73,NA,4.73
1327,4.88,NA,4.88
1328,4.77,NA,4.77
1329,5.1,NA,5.1
1330,5.03,NA,5.03
1331,5.11,NA,5.11
1332,5.03,NA,5.03
1333,4.93,NA,4.93
1334,4.85,NA,4.85
1335,5.12,NA,5.12
1336,4.99,NA,4.99
1337,4.88,NA,4.88
1338,4.82,NA,4.82
1339,5.09,NA,5.09
1340,4.87,NA,4.87
1341,4.69,NA,4.69
1342,4.67,NA,4.67
1343,4.67,NA,4.67
1344,4.74,NA,4.74
1345,4.89,NA,4.89
1346,4.82,NA,4.82
1347,4.87,NA,4.87
1348,5.16,NA,5.16
1349,5.17,NA,5.17
1350,5.16,NA,5.16
1351,5.15,NA,5.15
1352,5.2,NA,5.2
1353,5.36,NA,5.36
1354,5.52,NA,5.52
1355,5.56,NA,5.56
1356,5.64,NA,5.64
1357,5.72,NA,5.72
1358,5.71,NA,5.71
1359,5.78,NA,5.78
1360,5.71,NA,5.71
1361,5.82,NA,5.82
1362,5.81,NA,5.81
1363,5.85,NA,5.85
1364,5.91,NA,5.91
1365,6.02,NA,6.02
1366,5.89,NA,5.89
1367,6.04,NA,6.04
1368,6.09,NA,6.09
1369,6.18,NA,6.18
1370,6.26,NA,6.26
1371,6.28,NA,6.28
1372,6.46,NA,6.46
1373,6.54,NA,6.54
1374,6.63,NA,6.63
1375,6.67,NA,6.67
1376,6.66,NA,6.66
1377,6.73,NA,6.73
1378,6.76,NA,6.76
1379,6.8,NA,6.8
1380,6.84,NA,6.84
1381,6.83,NA,6.83
1382,6.8,NA,6.8
1383,6.71,NA,6.71
1384,6.66,NA,6.66
1385,6.68,NA,6.68
1386,6.72,NA,6.72
1387,6.69,NA,6.69
1388,6.64,NA,6.64
1389,6.7,NA,6.7
1390,6.7,NA,6.7
1391,6.72,NA,6.72
1392,6.73,NA,6.73
1393,6.57,NA,6.57
1394,6.94,NA,6.94
1395,6.94,NA,6.94
1396,6.95,NA,6.95
1397,7.18,NA,7.18
1398,7.4,NA,7.4
1399,7.43,NA,7.43
1400,7.27,NA,7.27
1401,7.19,NA,7.19
1402,7.21,NA,7.21
1403,7.18,NA,7.18
1404,6.98,NA,6.98
1405,7.07,NA,7.07
1406,7.07,NA,7.07
1407,7.07,NA,7.07
1408,7.07,NA,7.07
1409,7.06,NA,7.06
1410,7.08,NA,7.08
1411,7.1,NA,7.1
1412,7.1,NA,7.1
1413,7.1,NA,7.1
1414,7.21,NA,7.21
1415,7.15,NA,7.15
1416,7.13,NA,7.13
1417,7.1,NA,7.1
1418,7.16,NA,7.16
1419,7.11,NA,7.11
1420,7.14,NA,7.14
1421,7.13,NA,7.13
1422,7.12,NA,7.12
1423,7.14,NA,7.14
1424,7.26,NA,7.26
1425,7.1,NA,7.1
1426,7.08,NA,7.08
1427,7.05,NA,7.05
1428,6.91,NA,6.91
1429,6.72,NA,6.72
1430,6.71,NA,6.71
1431,6.67,NA,6.67
1432,6.56,NA,6.56
1433,6.7,NA,6.7
1434,6.75,NA,6.75
1435,6.75,NA,6.75
1436,6.84,NA,6.84
1437,6.92,NA,6.92
1438,6.94,NA,6.94
1439,6.84,NA,6.84
1440,6.91,NA,6.91
1441,6.83,NA,6.83
1442,6.77,NA,6.77
1443,6.68,NA,6.68
1444,6.57,NA,6.57
1445,6.45,NA,6.45
1446,6.47,NA,6.47
1447,6.43,NA,6.43
1448,6.47,NA,6.47
1449,6.41,NA,6.41
1450,6.56,NA,6.56
1451,6.46,NA,6.46
1452,6.45,NA,6.45
1453,6.47,NA,6.47
1454,6.42,NA,6.42
1455,6.38,NA,6.38
1456,6.33,NA,6.33
1457,6.22,NA,6.22
1458,6.2,NA,6.2
1459,6.32,NA,6.32
1460,6.34,NA,6.34
1461,6.4,NA,6.4
1462,6.34,NA,6.34
1463,6.23,NA,6.23
1464,6.1,NA,6.1
1465,6.04,NA,6.04
1466,5.99,NA,5.99
1467,5.95,NA,5.95
1468,5.88,NA,5.88
1469,5.99,NA,5.99
1470,6.13,NA,6.13
1471,6.09,NA,6.09
1472,6.23,NA,6.23
1473,6.24,NA,6.24
1474,6.36,NA,6.36
1475,6.52,NA,6.52
1476,6.57,NA,6.57
1477,6.56,NA,6.56
1478,6.62,NA,6.62
1479,6.56,NA,6.56
1480,6.64,NA,6.64
1481,6.6,NA,6.6
1482,6.59,NA,6.59
1483,6.58,NA,6.58
1484,6.47,NA,6.47
1485,6.55,NA,6.55
1486,6.59,NA,6.59
1487,6.53,NA,6.53
1488,6.62,NA,6.62
1489,6.52,NA,6.52
1490,6.44,NA,6.44
1491,6.41,NA,6.41
1492,6.34,NA,6.34
1493,6.33,NA,6.33
1494,6.45,NA,6.45
1495,6.45,NA,6.45
1496,6.38,NA,6.38
1497,6.36,NA,6.36
1498,6.34,NA,6.34
1499,6.3,NA,6.3
1500,6.17,NA,6.17
1501,6.07,NA,6.07
1502,6.01,NA,6.01
1503,5.8,NA,5.8
1504,5.73,NA,5.73
1505,5.68,NA,5.68
1506,5.59,NA,5.59
1507,5.63,NA,5.63
1508,5.62,NA,5.62
1509,5.54,NA,5.54
1510,5.56,NA,5.56
1511,5.38,NA,5.38
1512,5.31,NA,5.31
1513,5.32,NA,5.32
1514,5.23,NA,5.23
1515,5.26,NA,5.26
1516,5.21,NA,5.21
1517,5.16,NA,5.16
1518,5.2,NA,5.2
1519,5.2,NA,5.2
1520,5.37,NA,5.37
1521,5.36,NA,5.36
1522,5.34,NA,5.34
1523,5.31,NA,5.31
1524,5.23,NA,5.23
1525,5.06,NA,5.06
1526,5.07,NA,5.07
1527,5.15,NA,5.15
1528,5.06,NA,5.06
1529,5.09,NA,5.09
1530,5.16,NA,5.16
1531,5.16,NA,5.16
1532,5.16,NA,5.16
1533,5.05,NA,5.05
1534,5.04,NA,5.04
1535,5.04,NA,5.04
1536,5,NA,5
1537,5.03,NA,5.03
1538,4.89,NA,4.89
1539,4.86,NA,4.86
1540,4.95,NA,4.95
1541,4.8,NA,4.8
1542,5.01,NA,5.01
1543,4.95,NA,4.95
1544,5.06,NA,5.06
1545,5.13,NA,5.13
1546,5.18,NA,5.18
1547,5.23,NA,5.23
1548,5.31,NA,5.31
1549,5.33,NA,5.33
1550,5.26,NA,5.26
1551,5.25,NA,5.25
1552,5.24,NA,5.24
1553,5.26,NA,5.26
1554,5.35,NA,5.35
1555,5.4,NA,5.4
1556,5.51,NA,5.51
1557,5.52,NA,5.52
1558,5.5,NA,5.5
1559,5.7,NA,5.7
1560,5.74,NA,5.74
1561,5.61,NA,5.61
1562,5.73,NA,5.73
1563,5.75,NA,5.75
1564,5.89,NA,5.89
1565,6.08,NA,6.08
1566,6.13,NA,6.13
1567,6.19,NA,6.19
1568,6.13,NA,6.13
1569,6.24,NA,6.24
1570,6.23,NA,6.23
1571,6.17,NA,6.17
1572,6.31,NA,6.31
1573,6.17,NA,6.17
1574,6.24,NA,6.24
1575,6.18,NA,6.18
1576,6.25,NA,6.25
1577,6.29,NA,6.29
1578,6.13,NA,6.13
1579,6.18,NA,6.18
1580,6.16,NA,6.16
1581,6.28,NA,6.28
1582,6.09,NA,6.09
1583,6.09,NA,6.09
1584,6.13,NA,6.13
1585,6.16,NA,6.16
1586,6.35,NA,6.35
1587,6.38,NA,6.38
1588,6.47,NA,6.47
1589,6.54,NA,6.54
1590,6.45,NA,6.45
1591,6.44,NA,6.44
1592,6.45,NA,6.45
1593,6.41,NA,6.41
1594,6.37,NA,6.37
1595,6.29,NA,6.29
1596,6.22,NA,6.22
1597,6.43,NA,6.43
1598,6.41,NA,6.41
1599,6.45,NA,6.45
1600,6.4,NA,6.4
1601,6.23,NA,6.23
1602,6.21,NA,6.21
1603,6.25,NA,6.25
1604,6.39,NA,6.39
1605,6.39,NA,6.39
1606,6.32,NA,6.32
1607,6.2,NA,6.2
1608,6.05,NA,6.05
1609,6.05,NA,6.05
1610,6.05,NA,6.05
1611,6.16,NA,6.16
1612,6.15,NA,6.15
1613,6.25,NA,6.25
1614,6.22,NA,6.22
1615,6.18,NA,6.18
1616,6.12,NA,6.12
1617,6.03,NA,6.03
1618,6.15,NA,6.15
1619,6.21,NA,6.21
1620,6.19,NA,6.19
1621,6.22,NA,6.22
1622,6.21,NA,6.21
1623,6.25,NA,6.25
1624,6.22,NA,6.22
1625,6.27,NA,6.27
1626,6.19,NA,6.19
1627,6.07,NA,6.07
1628,5.78,NA,5.78
1629,5.79,NA,5.79
1630,5.83,NA,5.83
1631,6.08,NA,6.08
1632,6.2,NA,6.2
1633,6.23,NA,6.23
1634,6.21,NA,6.21
1635,6.08,NA,6.08
1636,6.07,NA,6.07
1637,6.09,NA,6.09
1638,6.04,NA,6.04
1639,6.15,NA,6.15
1640,6.26,NA,6.26
1641,6.15,NA,6.15
1642,6.08,NA,6.08
1643,6.04,NA,6.04
1644,6.03,NA,6.03
1645,6.05,NA,6.05
1646,6.17,NA,6.17
1647,6.1,NA,6.1
1648,6.09,NA,6.09
1649,6.02,NA,6.02
1650,5.86,NA,5.86
1651,5.74,NA,5.74
1652,5.68,NA,5.68
1653,5.63,NA,5.63
1654,5.65,NA,5.65
1655,5.71,NA,5.71
1656,5.58,NA,5.58
1657,5.64,NA,5.64
1658,5.74,NA,5.74
1659,5.75,NA,5.75
1660,5.7,NA,5.7
1661,5.66,NA,5.66
1662,5.51,NA,5.51
1663,5.55,NA,5.55
1664,5.48,NA,5.48
1665,5.43,NA,5.43
1666,5.35,NA,5.35
1667,5.38,NA,5.38
1668,5.37,NA,5.37
1669,5.34,NA,5.34
1670,5.32,NA,5.32
1671,5.31,NA,5.31
1672,5.28,NA,5.28
1673,5.22,NA,5.22
1674,5.32,NA,5.32
1675,5.45,NA,5.45
1676,5.53,NA,5.53
1677,5.38,NA,5.38
1678,5.4,NA,5.4
1679,5.37,NA,5.37
1680,5.24,NA,5.24
1681,5.22,NA,5.22
1682,5.19,NA,5.19
1683,5.29,NA,5.29
1684,5.41,NA,5.41
1685,5.3,NA,5.3
1686,5.21,NA,5.21
1687,5.21,NA,5.21
1688,5.29,NA,5.29
1689,5.22,NA,5.22
1690,5.28,NA,5.28
1691,5.24,NA,5.24
1692,5.17,NA,5.17
1693,5.1,NA,5.1
1694,5.13,NA,5.13
1695,5.17,NA,5.17
1696,5.16,NA,5.16
1697,5.16,NA,5.16
1698,5.19,NA,5.19
1699,5.19,NA,5.19
1700,5.27,NA,5.27
1701,5.24,NA,5.24
1702,5.33,NA,5.33
1703,5.37,NA,5.37
1704,5.49,NA,5.49
1705,5.32,NA,5.32
1706,5.32,NA,5.32
1707,5.35,NA,5.35
1708,5.39,NA,5.39
1709,5.47,NA,5.47
1710,5.49,NA,5.49
1711,5.51,NA,5.51
1712,5.53,NA,5.53
1713,5.6,NA,5.6
1714,5.55,NA,5.55
1715,5.47,NA,5.47
1716,5.58,NA,5.58
1717,5.61,NA,5.61
1718,5.7,NA,5.7
1719,5.7,NA,5.7
1720,5.82,NA,5.82
1721,5.86,NA,5.86
1722,6.08,NA,6.08
1723,6.19,NA,6.19
1724,6.12,NA,6.12
1725,6.06,NA,6.06
1726,6.03,NA,6.03
1727,5.98,NA,5.98
1728,5.95,NA,5.95
1729,6.01,NA,6.01
1730,6.03,NA,6.03
1731,6.01,NA,6.01
1732,6.1,NA,6.1
1733,6.11,NA,6.11
1734,6.13,NA,6.13
1735,6.05,NA,6.05
1736,6.16,NA,6.16
1737,6.01,NA,6.01
1738,6.05,NA,6.05
1739,5.95,NA,5.95
1740,5.76,NA,5.76
1741,5.74,NA,5.74
1742,5.78,NA,5.78
1743,5.89,NA,5.89
1744,5.85,NA,5.85
1745,5.86,NA,5.86
1746,6.01,NA,6.01
1747,5.99,NA,5.99
1748,5.95,NA,5.95
1749,6.04,NA,6.04
1750,6,NA,6
1751,5.89,NA,5.89
1752,5.94,NA,5.94
1753,5.71,NA,5.71
1754,5.67,NA,5.67
1755,5.72,NA,5.72
1756,5.82,NA,5.82
1757,5.85,NA,5.85
1758,5.93,NA,5.93
1759,5.91,NA,5.91
1760,5.9,NA,5.9
1761,5.87,NA,5.87
1762,5.93,NA,5.93
1763,5.83,NA,5.83
1764,5.83,NA,5.83
1765,5.75,NA,5.75
1766,5.93,NA,5.93
1767,5.88,NA,5.88
1768,5.94,NA,5.94
1769,5.86,NA,5.86
1770,5.92,NA,5.92
1771,6.04,NA,6.04
1772,6.08,NA,6.08
1773,6.1,NA,6.1
1774,6.05,NA,6.05
1775,5.97,NA,5.97
1776,6,NA,6
1777,5.89,NA,5.89
1778,5.89,NA,5.89
1779,5.96,NA,5.96
1780,5.82,NA,5.82
1781,5.85,NA,5.85
1782,6,NA,6
1783,5.91,NA,5.91
1784,6.04,NA,6.04
1785,6.06,NA,6.06
1786,6.06,NA,6.06
1787,6.13,NA,6.13
1788,6.1,NA,6.1
1789,6.06,NA,6.06
1790,6.22,NA,6.22
1791,6.09,NA,6.09
1792,6.02,NA,6.02
1793,6.07,NA,6.07
1794,6.11,NA,6.11
1795,6.07,NA,6.07
1796,6.06,NA,6.06
1797,5.79,NA,5.79
1798,5.81,NA,5.81
1799,5.72,NA,5.72
1800,5.66,NA,5.66
1801,5.71,NA,5.71
1802,5.67,NA,5.67
1803,5.66,NA,5.66
1804,5.69,NA,5.69
1805,5.79,NA,5.79
1806,5.88,NA,5.88
1807,5.85,NA,5.85
1808,5.81,NA,5.81
1809,5.79,NA,5.79
1810,5.7,NA,5.7
1811,5.74,NA,5.74
1812,5.76,NA,5.76
1813,5.62,NA,5.62
1814,5.6,NA,5.6
1815,5.58,NA,5.58
1816,5.48,NA,5.48
1817,5.41,NA,5.41
1818,5.31,NA,5.31
1819,5.3,NA,5.3
1820,5.23,NA,5.23
1821,5.05,NA,5.05
1822,5.07,NA,5.07
1823,5.14,NA,5.14
1824,4.94,NA,4.94
1825,4.96,NA,4.96
1826,4.9,NA,4.9
1827,5.03,NA,5.03
1828,5.15,NA,5.15
1829,5.15,NA,5.15
1830,5.25,NA,5.25
1831,5.37,NA,5.37
1832,5.34,NA,5.34
1833,5.41,NA,5.41
1834,5.46,NA,5.46
1835,5.44,NA,5.44
1836,5.37,NA,5.37
1837,5.34,NA,5.34
1838,5.34,NA,5.34
1839,5.38,NA,5.38
1840,5.44,NA,5.44
1841,5.47,NA,5.47
1842,5.48,NA,5.48
1843,5.44,NA,5.44
1844,5.47,NA,5.47
1845,5.46,NA,5.46
1846,5.5,NA,5.5
1847,5.48,NA,5.48
1848,5.44,NA,5.44
1849,5.45,NA,5.45
1850,5.58,NA,5.58
1851,5.67,NA,5.67
1852,5.77,NA,5.77
1853,5.84,NA,5.84
1854,5.87,NA,5.87
1855,6.06,NA,6.06
1856,6.07,NA,6.07
1857,6.08,NA,6.08
1858,6.01,NA,6.01
1859,6,NA,6
1860,6.03,NA,6.03
1861,5.94,NA,5.94
1862,5.89,NA,5.89
1863,5.95,NA,5.95
1864,5.96,NA,5.96
1865,5.86,NA,5.86
1866,5.83,NA,5.83
1867,5.88,NA,5.88
1868,5.93,NA,5.93
1869,5.86,NA,5.86
1870,5.76,NA,5.76
1871,5.69,NA,5.69
1872,5.71,NA,5.71
1873,5.72,NA,5.72
1874,5.67,NA,5.67
1875,5.79,NA,5.79
1876,5.92,NA,5.92
1877,5.78,NA,5.78
1878,5.86,NA,5.86
1879,6.04,NA,6.04
1880,6.02,NA,6.02
1881,5.94,NA,5.94
1882,5.9,5.61,5.9
1883,5.83,5.74,5.83
1884,5.88,5.76,5.88
1885,5.91,5.85,5.91
1886,5.88,5.9,5.88
1887,5.94,5.91,5.94
1888,6.01,5.94,6.01
1889,5.97,6,5.97
1890,5.99,6.05,5.99
1891,5.97,6.09,5.97
1892,6.05,6.11,6.05
1893,6.07,6.13,6.07
1894,6,6.13,6
1895,5.98,6.1,5.98
1896,6.09,6.16,6.09
1897,6.15,6.24,6.15
1898,6.09,6.21,6.09
1899,6.14,6.32,6.14
1900,6.2,6.31,6.2
1901,6.22,6.35,6.22
1902,6.27,6.32,6.27
1903,6.31,6.36,6.31
1904,6.35,6.36,6.35
1905,6.4,6.38,6.4
1906,6.34,6.27,6.34
1907,6.33,6.21,6.33
1908,6.51,6.32,6.51
1909,6.48,6.28,6.48510763064516
1910,6.38,6.21,6.3831721516129
1911,6.33,6.17,6.332849570483869
1912,6.32,6.22,6.319946349516125
1913,6.3,6.22,6.2938173172580605
1914,6.35,6.24,6.335752801129029
1915,6.4,6.28,6.376720543064515
1916,6.37,6.33,6.33801086564516
1917,6.34,6.35,6.297365704354835
1918,6.27,6.26,6.218978607580645
1919,6.22,6.16,6.1618818333870955
1920,6.28,6.18,6.215107644677415
1921,6.22,6.12,6.145107649516125
1922,6.27,6.14,6.18801088016129
1923,6.32,6.26,6.2293012075806455
1924,6.3,6.28,6.19865605112903
1925,6.28,6.3,6.16833347532258
1926,6.32,6.4,6.191344370483865
1927,6.32,6.47,6.1719895317741855
1928,6.36,6.44,6.18973147209677
1929,6.38,6.47,6.189086315645156
1930,6.38,6.4,6.17231212693548
1931,6.42,6.41,6.198118578548385
1932,6.47,6.43,6.237150841451605
1933,6.47,6.44,6.230699228548385
1934,6.44,6.41,6.19521535758064
1935,6.5,6.38,6.246183094677415
1936,6.55,6.39,6.2803766430645105
1937,6.55,6.44,6.263602449516124
1938,6.55,6.53,6.239731481774185
1939,6.55,6.51,6.210699223709669
1940,6.68,6.67,6.312312126935479
1941,6.76,6.77,6.36586051887096
1942,6.8,6.76,6.377473432258061
1943,6.88,6.81,6.431021824193545
1944,7.02,6.89,6.546828280645155
1945,7.1,6.99,6.6019896193548355
1946,7.06,6.98,6.5384412370967695
1947,7.09,7,6.54779607580645
1948,7.12,7.04,6.560054140322575
1949,7.19,7.08,6.61166704354838
1950,7.13,7.08,6.5329573661290254
1951,7.18,7.14,6.563925156451605
1952,7.31,7.24,6.67263493064516
1953,7.32,7.26,6.657151156451605
1954,7.29,7.19,6.6013448016129
1955,7.27,7.14,6.5539255435483845
1956,7.39,7.17,6.64263531774193
1957,7.4,7.21,6.618441866129025
1958,7.38,7.14,6.5636032532258
1959,7.4,7.17,6.552635608064509
1960,7.39,7.22,6.50940989838709
1961,7.41,7.26,6.49521644677419
1962,7.45,7.35,6.501345575806445
1963,7.48,7.42,6.499732769354835
1964,7.53,7.47,6.509410285483865
1965,7.58,7.53,6.522636188709676
1966,7.58,7.58,6.492636241935481
1967,7.63,7.62,6.517152419354829
1968,7.68,7.65,6.5426363870967705
1969,7.61,7.54,6.45618487096774
1970,7.6,7.56,6.430378516129025
1971,7.55,7.52,6.3636044193548305
1972,7.59,7.52,6.389733548387095
1973,7.56,7.59,6.346507790322574
1974,7.63,7.61,6.402636870967735
1975,7.67,7.62,6.430378854838706
1976,7.65,7.64,6.39973369354838
1977,7.7,7.69,6.436185403225805
1978,7.75,7.7,6.473604854838705
1979,7.76,7.7,6.469733983870965
1980,7.76,7.77,6.456830854838705
1981,7.83,7.84,6.511024499999995
1982,7.83,7.86,6.49618583870967
1983,7.89,7.93,6.54037938709677
1984,7.94,7.99,6.57812132258064
1985,7.95,8.01,6.57521809677419
1986,8.05,8.13,6.669411645161285
1987,8.12,8.22,6.737153580645155
1988,8.13,8.17,6.749734225806449
1989,8.18,8.21,6.80296003225806
1990,8.18,8.24,6.80876648387096
1991,8.2,8.24,6.834895516129025
1992,8.22,8.26,6.861347129032255
1993,8.2,8.29,6.847798741935479
1994,8.28,8.33,6.932960032258061
1995,8.3,8.35,NA
